FIPS Code	State	Area name	2013 Rural-urban Continuum Code	2013 Urban Influence Code	2023 Rural-urban Continuum Code	2024 Urban Influence Code	Births 2020	Births 2021	Births 2022	Births 2023	Bachelor's degree or higher, 1990	Bachelor's degree or higher, 2000	Bachelor's degree or higher, 2008-12	Bachelor's degree or higher, 2019-23	Census Population 2020	Civilian labor force 2000	Civilian labor force 2001	Civilian labor force 2002	Civilian labor force 2003	Civilian labor force 2004	Civilian labor force 2005	Civilian labor force 2006	Civilian labor force 2007	Civilian labor force 2008	Civilian labor force 2009	Civilian labor force 2010	Civilian labor force 2011	Civilian labor force 2012	Civilian labor force 2013	Civilian labor force 2014	Civilian labor force 2015	Civilian labor force 2016	Civilian labor force 2017	Civilian labor force 2018	Civilian labor force 2019	Civilian labor force 2020	Civilian labor force 2021	Civilian labor force 2022	Civilian labor force 2023	Deaths 2020	Deaths 2021	Deaths 2022	Deaths 2023	Domestic migration 2020	Domestic migration 2021	Domestic migration 2022	Domestic migration 2023	Base Estimates 2020	Economic typology 2015	Employed 2000	Employed 2001	Employed 2002	Employed 2003	Employed 2004	Employed 2005	Employed 2006	Employed 2007	Employed 2008	Employed 2009	Employed 2010	Employed 2011	Employed 2012	Employed 2013	Employed 2014	Employed 2015	Employed 2016	Employed 2017	Employed 2018	Employed 2019	Employed 2020	Employed 2021	Employed 2022	Employed 2023	Four years of college or higher, 1970	Four years of college or higher, 1980	GQ Estimates 2020	GQ Estimates 2021	GQ Estimates 2022	GQ Estimates 2023	GQ Estimates Base 2020	High school graduate (or equivalency), 1970	High school graduate (or equivalency), 1980	High school graduate (or equivalency), 1990	High school graduate (or equivalency), 2000	High school graduate (or equivalency), 2008-12	High school graduate (or equivalency), 2019-23	International Migration 2020	International Migration 2021	International Migration 2022	International Migration 2023	Less than high school graduate, 1970	Less than high school graduate, 1980	Less than high school graduate, 1990	Less than high school graduate, 2000	Less than high school graduate, 2008-12	Less than high school graduate, 2019-23	Median Household Income 2023	Median Household Income Percent of State Total 2022	Median Household Income 2022	Metropolitan Area 2023	Natural Change 2020	Natural Change 2021	Natural Change 2022	Natural Change 2023	Net Migration 2020	Net Migration 2021	Net Migration 2022	Net Migration 2023	Population Change 2020	Population Change 2021	Population Change 2022	Population Change 2023	Population Estimate 2020	Population Estimate 2021	Population Estimate 2022	Population Estimate 2023	Percent of adults completing four years of college or higher, 1970	Percent of adults completing four years of college or higher, 1980	Percent of adults completing some college (1-3 years), 1970	Percent of adults completing some college (1-3 years), 1980	Percent of adults completing some college or associate degree, 1990	Percent of adults completing some college or associate degree, 2000	Percent of adults completing some college or associate degree, 2008-12	Percent of adults completing some college or associate degree, 2019-23	Percent of adults who are high school graduates (or equivalent), 1990	Percent of adults who are high school graduates (or equivalent), 2000	Percent of adults who are high school graduates (or equivalent), 2008-12	Percent of adults who are high school graduates (or equivalent), 2019-23	Percent of adults who are not high school graduates, 1990	Percent of adults who are not high school graduates, 2000	Percent of adults who are not high school graduates, 2008-12	Percent of adults who are not high school graduates, 2019-23	Percent of adults with a bachelor's degree or higher, 1990	Percent of adults with a bachelor's degree or higher, 2000	Percent of adults with a bachelor's degree or higher, 2008-12	Percent of adults with a bachelor's degree or higher, 2019-23	Percent of adults with a high school diploma only, 1970	Percent of adults with a high school diploma only, 1980	Percent of adults with less than a high school diploma, 1970	Percent of adults with less than a high school diploma, 1980	Residual 2020	Residual 2021	Residual 2022	Residual 2023	Birth Rate 2021	Birth Rate 2022	Birth Rate 2023	Death Rate 2021	Death Rate 2022	Death Rate 2023	Domestic Migration Rate 2021	Domestic Migration Rate 2022	Domestic Migration Rate 2023	International Migration Rate 2021	International Migration Rate 2022	International Migration Rate 2023	Natural Change Rate 2021	Natural Change Rate 2022	Natural Change Rate 2023	Net Migration Rate 2021	Net Migration Rate 2022	Net Migration Rate 2023	Rural Urban Continuum Code 2013	Rural Urban Continuum Code 2023	Some college (1-3 years), 1970	Some college (1-3 years), 1980	Some college or associate degree, 1990	Some college or associate degree, 2000	Some college or associate degree, 2008-12	Some college or associate degree, 2019-23	Unemployed 2000	Unemployed 2001	Unemployed 2002	Unemployed 2003	Unemployed 2004	Unemployed 2005	Unemployed 2006	Unemployed 2007	Unemployed 2008	Unemployed 2009	Unemployed 2010	Unemployed 2011	Unemployed 2012	Unemployed 2013	Unemployed 2014	Unemployed 2015	Unemployed 2016	Unemployed 2017	Unemployed 2018	Unemployed 2019	Unemployed 2020	Unemployed 2021	Unemployed 2022	Unemployed 2023	Unemployment rate 2000	Unemployment rate 2001	Unemployment rate 2002	Unemployment rate 2003	Unemployment rate 2004	Unemployment rate 2005	Unemployment rate 2006	Unemployment rate 2007	Unemployment rate 2008	Unemployment rate 2009	Unemployment rate 2010	Unemployment rate 2011	Unemployment rate 2012	Unemployment rate 2013	Unemployment rate 2014	Unemployment rate 2015	Unemployment rate 2016	Unemployment rate 2017	Unemployment rate 2018	Unemployment rate 2019	Unemployment rate 2020	Unemployment rate 2021	Unemployment rate 2022	Unemployment rate 2023	Urban Influence 2013	Urban Influence Code 2013	Urban Influence Code 2024
0	US	United States					894123	3584459	3679254	3653356	32310253	44462605	58205022	79954302	331449281	142601576	143786537	144839298	145660094	146724795	148597241	150707773	152191050	153761037	153825454	154254521	154520678	155038121	155362278	155936159	156840649	158674951	160744592	162039448	163815894	161131754	161784447	164341251	166689556	852024	3438423	3456087	3148861	0	0	0	0	331464948		136904853	136977996	136455783	136944522	138613904	141000912	143729350	145156133	144860349	139594699	139393814	140688861	142527201	143905037	146318952	148554918	150949349	153744181	155727509	157805901	148133696	153122706	158342285	160623678	11717266	21558480						34158051	45947035	47642763	52168981	57706852	59836489	19886	376008	999267	1138989	52373312	44535197	39343718	35715625	29179819	24230217	77719		74755		42099	146036	223167	504495	19886	376008	999267	1138989	61985	522044	1222434	1643484	331526933	332048977	333271411	334914895	10.7	16.2	10.6	15.7	24.9	27.4	28.99357875	28.1978456	30	28.6	28.24115535	26.19413741	24.8	19.6	14.28031114	10.60706676	20.3	24.4	28.48495476	35.00095023	31.1	34.6	47.7	33.5	0	0	0	0	10.8	11.1	10.9	10.4	10.4	9.4	0	0	0	1.1	3	3.4	0.4	0.7	1.5	1.1	3	3.4			11650730	20794975	39571702	49864428	59244324	64413653	5696723	6808541	8383515	8715572	8110891	7596329	6978423	7034917	8900688	14230755	14860707	13831817	12510920	11457241	9617207	8285731	7725602	7000411	6311939	6009993	12998058	8661741	5998966	6065878	4	4.7	5.8	6	5.5	5.1	4.6	4.6	5.8	9.3	9.6	9	8.1	7.4	6.2	5.3	4.9	4.4	3.9	3.7	8.1	5.4	3.7	3.6			
1000	AL	Alabama					13867	57184	58106	58251	399228	549608	705001	957081	5024279	2147173	2128027	2112621	2128668	2138306	2140356	2170007	2180448	2176854	2156593	2197028	2202337	2178508	2172102	2164715	2152295	2155729	2203458	2240109	2271835	2263144	2249514	2276362	2308131	15165	69135	67208	59813	9615	27715	28464	30744	5024294		2047731	2017467	1987633	2001568	2018783	2045234	2083207	2092030	2049579	1938784	1968824	1991379	2000848	2012828	2018705	2020443	2029157	2103873	2152270	2199379	2118600	2173978	2218627	2250472	141936	270063	131372	134653	141654	144014	127914	468269	704207	749591	877216	991406	1046374	125	1806	4374	5384	1062306	964840	843638	714081	551030	409381	62248	100	59703		-1298	-11951	-9102	-1562	9740	29521	32838	36128	7570	18516	23523	34565	5031864	5050380	5073903	5108468	7.8	12.2	7.5	12.5	21.7	25.9	29.02286617	30.02828639	29.4	30.4	31.30995723	30.34461599	33.1	24.7	17.40228093	11.87195901	15.7	19	22.26489567	27.75513862	25.9	31.8	58.7	43.5	-872	946	-213	-1	11.3	11.5	11.4	13.7	13.3	11.7	5.5	5.6	6	0.4	0.9	1.1	-2.4	-1.8	-0.3	5.9	6.5	7.1			136287	278205	553512	746495	918987	1035466	99442	110560	124988	127100	119523	95122	86800	88418	127275	217809	228204	210958	177660	159274	146010	131852	126572	99585	87839	72456	144544	75536	57735	57659	4.6	5.2	5.9	6	5.6	4.4	4	4.1	5.8	10.1	10.4	9.6	8.2	7.3	6.7	6.1	5.9	4.5	3.9	3.2	6.4	3.4	2.5	2.5			
2000	AK	Alaska					2406	9453	9356	9266	74497	93807	122968	152432	733391	319777	321652	327054	332494	337469	344157	348756	350233	355298	359379	361707	364599	364153	363544	364281	362425	362017	360589	355499	352029	346552	351520	353692	357094	1171	5330	6340	5581	-1663	-2948	-7202	-5543	733374		299590	301422	303560	306964	312394	320273	325672	328309	332364	330718	332185	336312	337834	338104	339704	339604	338193	337108	334068	332197	317678	329147	338729	342005	19082	44554	30262	30654	29833	29815	30285	50820	82180	92925	105812	121272	141206	63	873	2356	2004	44994	36941	43244	44282	37652	31854	88696	100	88072		1235	4123	3016	3685	-1600	-2075	-4846	-3539	-410	1959	-1647	130	732964	734923	733276	733406	14.1	21.1	14.9	22.6	34.9	35.7	37.01342664	33.28755921	28.7	27.9	27.09728451	28.94140844	13.4	11.7	8.413046344	6.528756741	23	24.7	27.47624251	31.24227562	37.7	38.9	33.3	17.5	-45	-89	183	-16	12.9	12.7	12.6	7.3	8.6	7.6	-4	-9.8	-7.6	1.2	3.2	2.7	5.6	4.1	5	-2.8	-6.6	-4.8			20052	47722	112763	135655	165651	162411	20187	20230	23494	25530	25075	23884	23084	21924	22934	28661	29522	28287	26319	25440	24577	22821	23824	23481	21431	19832	28874	22373	14963	15089	6.3	6.3	7.2	7.7	7.4	6.9	6.6	6.3	6.5	8	8.2	7.8	7.2	7	6.7	6.3	6.6	6.5	6	5.6	8.3	6.4	4.2	4.2			
4000	AZ	Arizona					18110	75693	79137	78494	466873	766212	1105103	1627462	7151502	2510611	2593664	2683502	2728649	2788618	2862517	2970679	3018805	3095993	3128891	3096316	3051937	3054343	3064554	3118441	3184445	3253468	3240111	3325721	3432400	3471339	3525449	3599531	3690974	18025	80276	79807	70792	29980	82290	69798	36179	7157902		2410825	2470816	2518051	2571097	2649564	2729018	2843054	2905144	2916698	2826426	2777404	2763761	2799634	2825341	2906193	2990545	3075851	3079700	3166013	3267548	3200219	3347264	3462671	3546508	115020	271460	165653	150826	161194	162728	166668	289781	535096	601440	791904	1012503	1171693	253	8010	22296	21635	383873	430974	491080	619547	604136	544528	77158	100	74355		85	-4583	-670	7702	30233	90300	92094	57814	28781	85804	93197	65660	7186683	7272487	7365684	7431344	12.6	17.4	13.9	20.6	32.2	33.1	34.41514426	33.00082374	26.1	24.3	24.39792721	23.47784339	21.3	19	14.55765183	10.91100067	20.3	23.5	26.6292767	32.6103322	31.6	34.3	41.9	27.6	-1537	87	1773	144	10.5	10.8	10.6	11.1	10.9	9.6	11.4	9.5	4.9	1.1	3	2.9	-0.6	-0.1	1	12.5	12.6	7.8			127063	321361	741784	1078521	1428213	1646950	99786	122848	165451	157552	139054	133499	127625	113661	179295	302465	318912	288176	254709	239213	212248	193900	177617	160411	159708	164852	271120	178185	136860	144466	4	4.7	6.2	5.8	5	4.7	4.3	3.8	5.8	9.7	10.3	9.4	8.3	7.8	6.8	6.1	5.5	5	4.8	4.8	7.8	5.1	3.8	3.9			
5000	AR	Arkansas					8509	34927	36298	35566	199304	288428	380334	513221	3011524	1260507	1261419	1276964	1282578	1302378	1333880	1346532	1350811	1357716	1353340	1353635	1357819	1349888	1331609	1327959	1339301	1343891	1348088	1343862	1353175	1340557	1330676	1359540	1377657	8475	40180	40362	36473	2537	17806	18841	18106	3011490		1207833	1201314	1209006	1208583	1229546	1263663	1276000	1277902	1284175	1248691	1247059	1250431	1251883	1237609	1249766	1272785	1290430	1297854	1294809	1305858	1257949	1276933	1315886	1332876	70378	144677	82455	82617	84268	85120	82490	271150	443429	489570	590416	674742	702778	94	1346	3215	4096	635149	595637	503481	427449	320693	233857	58748	100	55505		34	-5253	-4064	-907	2631	19152	22056	22202	2858	14095	17961	21328	3014348	3028443	3046404	3067732	6.7	10.8	7.6	11.5	20.3	24.5	28.38411922	29.06004025	32.7	34.1	35.1238054	34.3862032	33.7	24.7	16.69372668	11.44238198	13.3	16.7	19.79834871	25.11137457	25.6	33.2	60.1	44.5	193	196	-31	33	11.6	12	11.6	13.3	13.3	11.9	5.9	6.2	5.9	0.4	1.1	1.3	-1.7	-1.3	-0.3	6.3	7.3	7.3			80835	153375	303795	424907	545270	593923	52674	60105	67958	73995	72832	70217	70532	72909	73541	104649	106576	107388	98005	94000	78193	66516	53461	50234	49053	47317	82608	53743	43654	44781	4.2	4.8	5.3	5.8	5.6	5.3	5.2	5.4	5.4	7.7	7.9	7.9	7.3	7.1	5.9	5	4	3.7	3.7	3.5	6.2	4	3.2	3.3			
6000	CA	California					103133	412506	423922	414120	4366674	5669966	7344555	9834361	39538223	16837536	17096428	17246528	17271899	17374506	17537931	17661179	17910726	18179907	18305953	18370536	18406756	18484881	18565408	18676692	18824141	19012017	19185366	19289505	19385262	18958604	18956575	19169341	19308287	74587	345181	318145	302704	-67932	-458862	-332785	-338371	39538212		16011619	16160509	16081472	16081515	16293555	16593622	16797845	16955400	16856082	16193122	16078454	16220602	16541039	16887864	17264518	17647409	17965407	18258064	18469910	18589551	17037036	17568743	18348916	18388329	1462266	2752865	897669	771170	886334	891995	917958	3566578	4415732	4167897	4288452	4988559	5496195	1383	44116	126517	150982	4062367	3724736	4450528	4942743	4577493	4149146	95473	100	91517		28546	67325	105777	111416	-66549	-414746	-206268	-187389	-35012	-358140	-104444	-75423	39503200	39145060	39040616	38965193	13.4	19.6	16.4	22.4	30.5	30	29.88188943	27.69548704	22.3	20.1	20.6845521	20.4007075	23.8	23.2	18.98010877	15.40074795	23.4	26.6	30.45344969	36.50305751	32.8	31.4	37.4	26.5	2991	-10719	-3953	550	10.5	10.8	10.6	8.8	8.1	7.8	-11.7	-8.5	-8.7	1.1	3.2	3.9	1.7	2.7	2.9	-10.5	-5.3	-4.8			1784772	3150653	5710400	6397739	7206710	7461496	825917	935919	1165056	1190384	1080951	944309	863334	955326	1323825	2112831	2292082	2186154	1943842	1677544	1412174	1176732	1046610	927302	819595	795711	1921568	1387832	820425	919958	4.9	5.5	6.8	6.9	6.2	5.4	4.9	5.3	7.3	11.5	12.5	11.9	10.5	9	7.6	6.3	5.5	4.8	4.2	4.1	10.1	7.3	4.3	4.8			
8000	CO	Colorado					15593	62137	62682	62498	568256	907755	1220906	1806355	5773714	2358371	2396012	2448903	2490397	2539389	2572382	2640452	2687742	2734398	2730604	2715723	2730262	2749192	2766140	2800666	2825761	2894157	2963790	3054347	3104684	3082228	3149673	3186932	3230482	11914	46481	49599	45099	7169	5404	6772	7236	5773707		2294104	2304547	2309639	2338432	2397588	2442134	2528550	2588340	2601712	2515483	2466996	2493472	2529785	2579568	2661070	2719997	2803504	2885980	2961423	3022060	2873752	2977479	3089081	3128115	170326	382013	124881	114634	123235	125069	126857	392787	575365	558312	644360	744320	811023	244	3913	10413	11931	411837	355405	328056	363039	335459	292446	92790	100	89096		3679	15656	13083	17399	7413	9317	17185	19167	11512	26377	29443	36571	5785219	5811596	5841039	5877610	14.9	23	14.6	21.1	31	31	30.88688681	27.94850805	26.5	23.2	22.35954614	20.08211396	15.6	13.1	10.07726648	7.241390069	27	32.7	36.67630057	44.72798793	34.4	34.6	36.1	21.4	420	1404	-825	5	10.7	10.8	10.7	8	8.5	7.7	0.9	1.2	1.2	0.7	1.8	2	2.7	2.2	3	1.6	2.9	3.3			166188	351108	652448	861478	1028184	1128710	64267	91465	139264	151965	141801	130248	111902	99402	132686	215121	248727	236790	219407	186572	139596	105764	90653	77810	92924	82624	208476	172194	97851	102367	2.7	3.8	5.7	6.1	5.6	5.1	4.2	3.7	4.9	7.9	9.2	8.7	8	6.7	5	3.7	3.1	2.6	3	2.7	6.8	5.5	3.1	3.2			
9000	CT	Connecticut					8465	33942	35572	34957	597693	720994	879089	1062403	3605944	1760697	1749195	1776064	1785737	1777510	1794301	1831083	1856008	1878120	1888374	1911289	1914449	1887545	1867378	1889102	1892087	1893200	1923711	1923872	1931826	1874247	1842166	1912008	1893200	11938	34571	34833	32842	-21420	19032	-10081	-9016	3605912		1723597	1698594	1697788	1688380	1687121	1707935	1750385	1773047	1772393	1731361	1728121	1741971	1729687	1718834	1764118	1785788	1801390	1838833	1849370	1862314	1724812	1724540	1833670	1822088	230303	392564	86236	98801	103248	103382	107997	534830	653884	648366	653300	677253	647094	410	6217	15562	15264	740830	563760	457208	367656	268454	219549	91477	100	88182		-3473	-629	739	2115	-21010	25249	5481	6248	-28326	26105	5015	8470	3577586	3603691	3608706	3617176	13.7	20.7	10.7	15.3	22.5	24.1	24.94690171	23.83900684	29.5	28.5	27.85513338	25.54802825	20.8	16	11.04140104	8.668051403	27.2	31.4	36.15656387	41.9449135	31.7	34.4	44	29.7	-3843	1485	-1205	107	9.5	9.9	9.7	9.6	9.7	9.1	5.3	-2.8	-2.5	1.7	4.3	4.2	-0.2	0.2	0.6	7	1.5	1.7			179635	289956	495696	553667	606544	603807	37100	50601	78276	97357	90389	86366	80698	82961	105727	157013	183168	172478	157858	148544	124984	106299	91810	84878	74502	69512	149435	117626	78338	71112	2.1	2.9	4.4	5.5	5.1	4.8	4.4	4.5	5.6	8.3	9.6	9	8.4	8	6.6	5.6	4.8	4.4	3.9	3.6	8	6.4	4.1	3.8			
10000	DE	Delaware					2579	10174	10883	10725	91722	128917	172084	250626	989948	412956	421563	417207	415890	421093	433375	443228	445306	450265	438383	436196	443971	445962	443551	452712	462752	468808	475214	480371	485873	486701	493627	497202	506529	2959	11228	11488	10897	2195	13284	12669	10320	989946		398188	406517	399417	397310	402992	413828	425995	429203	427694	401718	398388	410229	414489	414215	427400	440555	447640	453949	462545	468539	450325	466623	475995	486404	37630	60206	22409	22717	23809	23737	22718	91211	124798	140030	161760	190866	206192	62	939	2378	2277	130463	108063	96472	89536	74349	61144	81615	100	81933		-380	-1054	-605	-172	2257	14223	15047	12597	1916	13019	14578	12431	991862	1004881	1019459	1031890	13.1	17.5	9.8	15	23.4	26.1	27.51922245	27.09299281	32.7	31.4	31.63537097	29.02305888	22.5	17.4	12.32308633	8.606473153	21.4	25	28.52232025	35.27747515	31.7	36.2	45.4	31.4	39	-150	136	6	10.2	10.8	10.5	11.2	11.3	10.6	13.3	12.5	10.1	0.9	2.3	2.2	-1.1	-0.6	-0.2	14.2	14.9	12.3			28091	51590	100275	134445	166032	192480	14768	15046	17790	18580	18101	19547	17233	16103	22571	36665	37808	33742	31473	29336	25312	22197	21168	21265	17826	17334	36376	27004	21207	20125	3.6	3.6	4.3	4.5	4.3	4.5	3.9	3.6	5	8.4	8.7	7.6	7.1	6.6	5.6	4.8	4.5	4.5	3.7	3.6	7.5	5.5	4.3	4			
11001	DC	District of Columbia	1	1	1	1	2187	8508	8399	7627	136285	150237	213749	307906	689545	309977	311232	308760	308454	313735	318130	320581	326557	334487	338113	346707	352193	365176	374199	379678	388446	395124	393326	395604	400641	386235	377737	388387	398251	2004	5837	5572	5020	-15475	-6551	-4917	-1509	689548	4	292299	291080	287196	285997	288323	295907	300323	307071	311588	304277	312132	316372	332412	342609	350415	361556	370553	369388	373202	378443	355694	352029	369952	378714	75233	109478	21719	38289	36723	37601	40699	110767	101817	86756	79169	79574	70322	50	1745	4527	6969	189720	131277	109866	85249	52036	34651	104643	100	99897	1	183	2671	2827	2607	-15425	-4806	-390	5460	-18709	-1802	1912	8023	670839	669037	670949	678972	17.8	27.5	11.2	14.1	18.6	18.2	17.26580617	14.7659195	21.2	20.6	19.06274555	14.51716122	26.9	22.2	12.46574292	7.153297028	33.3	39.1	51.20570536	63.56362225	26.2	25.5	44.8	32.9	-3467	333	-525	-44	12.7	12.5	11.3	8.7	8.3	7.4	-9.8	-7.3	-2.2	2.6	6.8	10.3	4	4.2	3.9	-7.2	-0.6	8.1	1	1	47331	56081	76224	69880	72073	71527	17678	20152	21564	22457	25412	22223	20258	19486	22899	33836	34575	35821	32764	31590	29263	26890	24571	23938	22402	22198	30541	25708	18435	19537	5.7	6.5	7	7.3	8.1	7	6.3	6	6.8	10	10	10.2	9	8.4	7.7	6.9	6.2	6.1	5.7	5.5	7.9	6.8	4.7	4.9	1	1	1
12000	FL	Florida					50294	207942	222003	223578	1624405	2462328	3435171	5263931	21538187	7917857	8048882	8050051	8123135	8347316	8647279	8927098	9113604	9156458	8987789	9147107	9260348	9335727	9414664	9546407	9639737	9841301	9972990	10118306	10256297	10077028	10320373	10692183	10988566	56383	250389	260220	231181	61782	244619	317923	194438	21538216		7620683	7692124	7651923	7760904	8033591	8400346	8707158	8813449	8636212	8127251	8155401	8334119	8529063	8706060	8931440	9106772	9360237	9544892	9749598	9922941	9257738	9838506	10370751	10668886	407264	930134	470385	475056	479972	480002	464639	1219216	2189572	2679285	3165748	3915878	4346402	2840	46865	121233	178432	1882537	2082948	2271074	2219948	1860966	1643437	73283	100	69287		-6089	-42447	-38217	-7603	64622	291484	439156	372870	53083	239409	414813	365205	21591299	21830708	22245521	22610726	10.3	14.9	11.6	16.8	26	28.8	29.82724825	28.99963591	30.1	28.7	29.82929737	27.42157735	25.6	20.1	14.17595446	10.3684921	18.3	22.3	26.16749992	33.21029464	30.7	35	47.4	33.3	-5450	-9628	13874	-62	9.6	10.1	10	11.5	11.8	10.3	11.3	14.4	8.7	2.2	5.5	8	-2	-1.7	-0.3	13.4	19.9	16.6			458864	1047471	2312404	3176621	3915609	4596529	297174	356758	398128	362231	313725	246933	219940	300155	520246	860538	991706	926229	806664	708604	614967	532965	481064	428098	368708	333356	819290	481867	321432	319680	3.8	4.4	4.9	4.5	3.8	2.9	2.5	3.3	5.7	9.6	10.8	10	8.6	7.5	6.4	5.5	4.9	4.3	3.6	3.3	8.1	4.7	3	2.9			
13000	GA	Georgia					29847	121276	125599	125664	777158	1260178	1733171	2480907	10711908	4202695	4257901	4341617	4414282	4464780	4598159	4713863	4810264	4863225	4792150	4709781	4739281	4770618	4750046	4745859	4734088	4921814	5107889	5126923	5165423	5082864	5156388	5222263	5305623	24771	109501	110380	97847	11606	35341	80599	58206	10713771		4055366	4083528	4111627	4187003	4236301	4336264	4474820	4573302	4534790	4292830	4207266	4258833	4339369	4363292	4407067	4446515	4653740	4864813	4922489	4980501	4754102	4954094	5058165	5135833	216997	450267	255871	234733	251794	254664	257042	528537	878923	1192935	1486006	1805733	1950698	730	10161	27010	30119	1399175	1344821	1169815	1111349	972291	801324	74521	100	72742		5076	11775	15219	27817	12336	45502	107609	88325	18619	57995	122765	116077	10732390	10790385	10913150	11029227	9.2	14.6	9	13.3	22	25.6	27.7342536	27.85212035	29.6	28.7	28.92640266	26.89482784	29.1	21.4	15.57532646	11.04808178	19.3	24.3	27.76401728	34.20497004	22.4	28.5	59.4	43.6	1207	718	-63	-65	11.3	11.6	11.5	10.2	10.2	8.9	3.3	7.4	5.3	0.9	2.5	2.7	1.1	1.4	2.5	4.2	9.9	8.1			211101	411517	883512	1328432	1731313	2020131	147329	174373	229990	227279	228479	261895	239043	236962	328435	499320	502515	480448	431249	386754	338792	287573	268074	243076	204434	184922	328762	202294	164098	169790	3.5	4.1	5.3	5.1	5.1	5.7	5.1	4.9	6.8	10.4	10.7	10.1	9	8.1	7.1	6.1	5.4	4.8	4	3.6	6.5	3.9	3.1	3.2			
15000	HI	Hawaii					3836	15528	15746	15167	162424	210041	274791	364398	1455271	605395	607556	601786	603936	611752	625530	635415	636710	641526	631970	648549	660634	650415	650978	664014	670594	679121	695303	692457	686066	665964	670193	672727	676355	2843	12152	13375	12812	-4831	-9982	-15664	-11193	1455274		579736	581379	577616	580352	591594	607853	619362	619224	615767	589798	604210	615470	611985	620005	635913	647616	659557	679865	675849	668769	588159	630151	650672	656336	53747	111415	38589	40519	40072	40128	40759	138307	192042	203893	228832	263569	273812	119	2043	5917	4627	146701	143338	141506	123811	90416	72950	96716	100	93683		993	3376	2371	2355	-4712	-7939	-9747	-6566	-4093	-4436	-7346	-4261	1451181	1446745	1439399	1435138	14	20.3	12	18.4	28.5	29.9	32.25360186	30.7773098	28.7	28.5	28.39779256	26.65223473	19.9	15.4	9.741717773	7.100786391	22.9	26.2	29.60688781	35.46966908	35.9	35.1	38.1	26.2	-374	127	30	-50	10.7	10.9	10.6	8.4	9.3	8.9	-6.9	-10.9	-7.8	1.4	4.1	3.2	2.3	1.6	1.6	-5.5	-6.8	-4.6			46088	100813	201997	239793	299356	316191	25659	26177	24170	23584	20158	17677	16053	17486	25759	42172	44339	45164	38430	30973	28101	22978	19564	15438	16608	17297	77805	40042	22055	20019	4.2	4.3	4	3.9	3.3	2.8	2.5	2.7	4	6.7	6.8	6.8	5.9	4.8	4.2	3.4	2.9	2.2	2.4	2.5	11.7	6	3.3	3			
16000	ID	Idaho					5467	21850	22418	22456	106135	170615	243711	388032	1839106	661066	678281	685650	691702	702872	730354	744475	755287	759676	763633	762147	764205	772112	777606	776937	795014	812921	839776	862434	888611	899807	921718	944919	961506	3629	17141	18938	16817	8814	51524	28586	15389	1839117		630228	643913	647019	653299	668638	701400	718848	732155	721828	696832	695265	701660	714969	724545	742805	764121	783180	812875	837767	862940	850130	888950	918106	931748	36748	81413	49640	50083	50140	50256	49704	127462	187912	182892	224322	275678	322573	58	698	1779	4664	149531	135181	121787	120361	112350	103570	74859	100	72634		1838	4709	3480	5639	8872	52222	30365	20053	10222	55198	34459	25730	1849339	1904537	1938996	1964726	10	15.8	15	21.4	31.7	34.6	35.94028222	34.5686275	30.4	28.5	27.95435279	25.92365784	20.3	15.3	11.39253599	8.323428317	17.7	21.7	24.712829	31.18428634	34.6	36.5	40.5	26.3	-488	-1733	614	38	11.6	11.7	11.5	9.1	9.9	8.6	27.5	14.9	7.9	0.4	0.9	2.4	2.5	1.8	2.9	27.8	15.8	10.3			55171	109859	190478	272207	354433	430144	30838	34368	38631	38403	34234	28954	25627	23132	37848	66801	66882	62545	57143	53061	34132	30893	29741	26901	24667	25671	49677	32768	26813	29758	4.7	5.1	5.6	5.6	4.9	4	3.4	3.1	5	8.7	8.8	8.2	7.4	6.8	4.4	3.9	3.7	3.2	2.9	2.9	5.5	3.6	2.8	3.1			
17000	IL	Illinois					33452	131888	129614	127235	1534996	2078049	2629344	3249494	12812508	6494429	6454092	6341891	6310520	6348716	6410767	6515687	6639198	6652942	6601620	6612433	6567531	6583689	6556593	6516372	6511797	6559038	6562291	6557416	6543691	6321066	6327675	6421708	6437855	35296	128385	127064	116782	-22545	-115656	-142403	-83839	12813469		6206060	6103092	5925990	5885134	5955739	6044685	6217917	6301409	6222179	5928539	5918202	5925787	5989454	5961201	6049059	6119934	6172672	6237933	6270844	6283464	5735263	5942191	6127480	6150672	627825	1082285	278270	278180	278163	278186	276332	1944720	2343719	2187342	2212291	2301245	2207546	504	11447	31224	40492	2885938	2237240	1735789	1480443	1102449	851323	80346	100	76744		-1844	3503	2550	10453	-22041	-104209	-111179	-43347	-23112	-100016	-107826	-32826	12790357	12690341	12582515	12549689	10.3	16.2	10.4	15.2	25.2	27.6	28.68704733	27.81042791	30	27.7	27.20164795	25.2619897	23.8	18.6	13.0313937	9.742090473	21	26.1	31.07991102	37.18549192	31.9	35.1	47.4	33.5	773	690	803	68	10.4	10.3	10.1	10.1	10.1	9.3	-9.1	-11.3	-6.7	0.9	2.5	3.2	0.3	0.2	0.8	-8.2	-8.8	-3.4			630845	1015515	1835803	2202888	2426909	2430244	288369	351000	415901	425386	392977	366082	297770	337789	430763	673081	694231	641744	594235	595392	467313	391863	386366	324358	286572	260227	585803	385484	294228	287183	4.4	5.4	6.6	6.7	6.2	5.7	4.6	5.1	6.5	10.2	10.5	9.8	9	9.1	7.2	6	5.9	4.9	4.4	4	9.3	6.1	4.6	4.5			
18000	IN	Indiana					19436	77712	80234	79587	542941	755613	972007	1313086	6785528	3125304	3143985	3161709	3178568	3165247	3202215	3235980	3202589	3244790	3216535	3175885	3189011	3172556	3193683	3228524	3266392	3331821	3333693	3392579	3399870	3328778	3332745	3373887	3401387	19149	77868	79739	72079	1596	16132	5011	4599	6785442		3030889	3010490	2997963	3011507	2993991	3029258	3075761	3054548	3053593	2880173	2854843	2904397	2911925	2953672	3036685	3109791	3186420	3217049	3276805	3287462	3086279	3201829	3270662	3288017	228676	392590	178345	178175	178459	178474	178370	991710	1309020	1333093	1447734	1498095	1496214	342	6065	15475	17869	1292237	1054286	850014	695540	549930	445651	69458	100	66768		287	-156	495	7508	1938	22197	20486	22468	3656	24700	18476	29925	6789098	6813798	6832274	6862199	8.3	12.5	8.5	12.1	21.9	25.5	28.58989231	28.60859903	38.2	37.2	35.42317607	32.81671939	24.4	17.9	13.00335908	9.774540149	15.6	19.4	22.98357254	28.80014143	36.1	41.7	47.1	33.6	1431	2659	-2505	-51	11.4	11.8	11.6	11.4	11.7	10.5	2.4	0.7	0.7	0.9	2.3	2.6	0	0.1	1.1	3.3	3	3.3			233791	379876	763422	994391	1209106	1304353	94415	133495	163746	167061	171256	172957	160219	148041	191197	336362	321042	284614	260631	240011	191839	156601	145401	116644	115774	112408	242499	130916	103225	113370	3	4.2	5.2	5.3	5.4	5.4	5	4.6	5.9	10.5	10.1	8.9	8.2	7.5	5.9	4.8	4.4	3.5	3.4	3.3	7.3	3.9	3.1	3.3			
19000	IA	Iowa					9104	35887	36848	36898	299392	402090	509944	660619	3190369	1594400	1610634	1629047	1607931	1607438	1628510	1655924	1662155	1682209	1677059	1674411	1670056	1660180	1676565	1698718	1700549	1703164	1697495	1711811	1742078	1668401	1679982	1706493	1709402	8036	35499	35708	33119	-1270	1805	-7990	-3603	3190427		1551434	1556923	1564178	1536505	1534634	1558522	1595344	1600507	1612459	1569561	1571960	1575767	1576236	1597139	1626676	1637467	1642152	1645660	1667817	1695474	1582202	1615303	1658263	1659106	140119	237055	98575	98529	98261	97595	98596	596649	729369	684368	683942	666739	649969	199	3701	9355	7112	632366	483956	353800	263436	187633	145119	71662	100	69708		1068	388	1140	3779	-1071	5506	1365	3509	477	7040	1749	7311	3190904	3197944	3199693	3207004	9.1	13.9	11.1	14.7	24.7	28.8	32.24591024	31.99143555	38.5	36.1	33.11131296	30.36562895	19.9	13.9	9.318151457	6.779753662	16.9	21.2	25.32462534	30.86318183	38.7	42.9	41	28.5	480	1146	-756	23	11.2	11.5	11.5	11.1	11.2	10.3	0.6	-2.5	-1.1	1.2	2.9	2.2	0.1	0.4	1.2	1.7	0.4	1.1			171454	249722	439238	546388	649313	684769	42966	53711	64869	71426	72804	69988	60580	61648	69750	107498	102451	94289	83944	79426	72042	63082	61012	51835	43994	46604	86199	64679	48230	50296	2.7	3.3	4	4.4	4.5	4.3	3.7	3.7	4.1	6.4	6.1	5.6	5.1	4.7	4.2	3.7	3.6	3.1	2.6	2.7	5.2	3.8	2.8	2.9			
20000	KS	Kansas					8510	34168	34547	34768	330377	438978	551374	679664	2937880	1402606	1398521	1419335	1441065	1458910	1458767	1467553	1485414	1493365	1512572	1500463	1498000	1490808	1489395	1494203	1493782	1491961	1488346	1493360	1504415	1501827	1498226	1502603	1510988	6984	32824	33274	30329	-1920	-4975	-7004	-4574	2937835		1349841	1338775	1347163	1361115	1378355	1384654	1402950	1422109	1425022	1408142	1396172	1402198	1405638	1410470	1426892	1431533	1431920	1434516	1443204	1456662	1414596	1448294	1463010	1470936	139479	236427	86870	86399	87004	87026	86905	438583	543823	514177	507612	511212	495115	135	2069	5518	3932	492098	370235	293272	237799	188859	156595	70316	100	68827		1526	1344	1273	4439	-1785	-2906	-1486	-642	289	-178	-1230	3830	2938124	2937946	2936716	2940546	11.4	17	12.7	17.1	27.3	30.4	31.91560319	31.13439091	32.8	29.8	27.81229751	25.60993083	18.7	14	10.2748032	8.09991036	21.1	25.8	29.99729609	35.1557679	35.8	39.2	40.1	26.7	548	1384	-1017	33	11.6	11.8	11.8	11.2	11.3	10.3	-1.7	-2.4	-1.6	0.7	1.9	1.3	0.5	0.4	1.5	-1	-0.5	-0.2			155828	237617	428110	516818	586634	601919	52765	59746	72172	79950	80555	74113	64603	63305	68343	104430	104291	95802	85170	78925	67311	62249	60041	53830	50156	47753	87231	49932	39593	40052	3.8	4.3	5.1	5.5	5.5	5.1	4.4	4.3	4.6	6.9	7	6.4	5.7	5.3	4.5	4.2	4	3.6	3.4	3.2	5.8	3.3	2.6	2.7			
21000	KY	Kentucky					12579	51364	52384	52380	318127	453469	608927	830856	4505836	1957400	1953834	1944682	1965881	1969935	1991726	2026144	2035493	2038225	2064847	2065023	2061500	2060084	2055895	2006518	1979641	2015645	2053398	2052877	2064637	2005210	2010884	2030274	2026263	12785	58401	61410	54385	1010	3216	9400	8965	4506297		1876232	1852043	1832250	1844378	1861750	1874747	1910580	1925716	1906275	1842085	1852302	1868168	1891109	1892777	1877551	1876009	1914479	1955234	1966186	1979803	1874863	1921355	1948312	1941994	123543	231139	125292	116951	120265	121207	125368	412640	653876	741012	888277	988008	1006715	122	1757	4436	7627	1053196	978135	825857	685000	510196	352966	61099	100	59246		-206	-7037	-9026	-2005	1132	4973	13836	16592	1858	-555	3963	14591	4508155	4507600	4511563	4526154	7.2	11.1	7.2	10.7	19.2	23.4	27.39779127	28.83608601	31.8	33.6	34.04228928	32.70512193	35.4	25.9	17.57904776	11.46679653	13.6	17.1	20.9808717	26.99199553	24.1	31.3	61.5	46.9	932	1509	-847	4	11.4	11.6	11.6	13	13.6	12	0.7	2.1	2	0.4	1	1.7	-1.6	-2	-0.4	1.1	3.1	3.7			123919	223542	448837	619651	795165	887620	81168	101791	112432	121503	108185	116979	115564	109777	131950	222762	212721	193332	168975	163118	128967	103632	101166	98164	86691	84834	130347	89529	81962	84269	4.1	5.2	5.8	6.2	5.5	5.9	5.7	5.4	6.5	10.8	10.3	9.4	8.2	7.9	6.4	5.2	5	4.8	4.2	4.1	6.5	4.5	4	4.2			
22000	LA	Louisiana					13555	57028	56541	56209	409123	519778	629915	825794	4657757	2026392	2027220	2013652	2024914	2030415	2078215	2001297	2026793	2064692	2067873	2084462	2080525	2089644	2101974	2141519	2150050	2123690	2108485	2109741	2101749	2052043	2056137	2068817	2076760	14807	56872	56876	50094	-5154	-28324	-47539	-29692	4657785		1921984	1913555	1892947	1897902	1914521	1929492	1919476	1943648	1968676	1927200	1927720	1926038	1948630	1966755	2007668	2015081	1994639	2000487	2007981	2004115	1875244	1941271	1993244	2000152	163792	317223	124078	123572	123607	123627	124124	446400	705808	803328	899354	1008396	1012121	193	3183	8225	9274	1046551	965657	803872	699052	523958	407400	58273	100	55458		-1252	156	-335	6115	-4961	-25141	-39314	-20418	-5763	-24975	-39024	-14274	4652022	4627047	4588023	4573749	9	13.9	8.5	12.8	20.5	23.7	26.46088934	27.80927217	31.7	32.4	34.29570744	32.54142588	31.7	25.2	17.81989445	13.09860867	16.1	18.7	21.42350877	26.55069329	24.7	30.9	57.8	42.3	450	10	625	29	12.3	12.3	12.3	12.3	12.3	10.9	-6.1	-10.3	-6.5	0.7	1.8	2	0	-0.1	1.3	-5.4	-8.5	-4.5			153171	292793	520671	657284	778029	864939	104408	113665	120705	127012	115894	148723	81821	83145	96016	140673	156742	154487	141014	135219	133851	134969	129051	107998	101760	97634	176799	114866	75573	76608	5.2	5.6	6	6.3	5.7	7.2	4.1	4.1	4.7	6.8	7.5	7.4	6.7	6.4	6.3	6.3	6.1	5.1	4.8	4.6	8.6	5.6	3.7	3.7			
23000	ME	Maine					2997	11590	12009	11945	149352	198960	256465	359323	1362359	677489	674958	678559	685165	685989	695280	700747	699753	701930	697698	697832	698979	700730	704240	698035	687859	693917	703871	700856	698261	671979	688542	681172	687322	3704	16116	17977	16998	1803	17938	13861	9216	1363177		654981	649627	648301	649899	654082	661176	667801	667061	664441	639142	638984	644967	650315	657058	659008	657550	667723	680164	678584	678011	637985	656138	661833	667619	44981	95284	37273	38761	41500	41513	37273	188886	259964	295074	314600	321100	310243	58	1012	2504	2209	243532	207366	168460	127288	88276	56031	73463	100	69485		-707	-4526	-5968	-5053	1861	18950	16365	11425	1340	14270	10551	6384	1364517	1378787	1389338	1395722	8.4	14.4	11.2	15	23	26.3	29.06200992	28.62722918	37.1	36.2	34.20965158	30.51680552	21.2	14.6	9.404830901	5.511444675	18.8	22.9	27.3235076	35.34452062	35.1	39.3	45.3	31.3	186	-154	154	12	8.4	8.7	8.6	11.7	13	12.2	13.1	10	6.6	0.7	1.8	1.6	-3.3	-4.3	-3.6	13.8	11.8	8.2			60424	99226	182727	229045	272783	291033	22508	25331	30258	35266	31907	34104	32946	32692	37489	58556	58848	54012	50415	47182	39027	30309	26194	23707	22272	20250	33994	32404	19339	19703	3.3	3.8	4.5	5.1	4.7	4.9	4.7	4.7	5.3	8.4	8.4	7.7	7.2	6.7	5.6	4.4	3.8	3.4	3.2	2.9	5.1	4.7	2.8	2.9			
24000	MD	Maryland					17156	67431	68904	67969	826164	1099360	1408321	1826045	6177224	2801391	2836279	2872367	2881024	2885111	2931581	2984444	2989317	3027934	3049869	3078368	3097300	3120947	3128908	3125017	3139988	3155918	3243896	3270635	3338480	3230561	3152885	3154854	3184868	16929	58995	57559	53770	-5257	-17683	-45734	-30905	6177253		2702430	2717443	2734977	2742966	2752186	2799960	2860048	2877994	2891508	2819397	2836945	2870857	2906518	2924626	2945911	2983083	3020827	3114580	3146485	3225825	3022470	2988216	3060216	3117270	290238	508696	125499	125368	125176	125196	125519	593295	812201	878432	933836	1008437	1014175	508	9041	23536	32977	992786	813543	673932	565086	445826	382701	98568	100	94957		227	8436	11345	14199	-4749	-8642	-22198	2072	-3564	1356	-11064	16272	6173689	6175045	6163981	6180253	13.9	20.4	9.9	14.6	23.8	25.7	26.13224018	24.57144743	28.1	26.7	26.02228689	23.73553441	21.6	16.2	11.50434988	8.95665221	26.5	31.4	36.34112305	42.73636595	28.5	32.5	47.7	32.6	958	1562	-211	1	10.9	11.2	11	9.6	9.3	8.7	-2.9	-7.4	-5	1.5	3.8	5.3	1.4	1.8	2.3	-1.4	-3.6	0.3			206230	364656	744137	897313	1012698	1049892	98961	118836	137390	138058	132925	131621	124396	111323	136426	230472	241423	226443	214429	204282	179106	156905	135091	129316	124150	112655	208091	164669	94638	67598	3.5	4.2	4.8	4.8	4.6	4.5	4.2	3.7	4.5	7.6	7.8	7.3	6.9	6.5	5.7	5	4.3	4	3.8	3.4	6.4	5.2	3	2.1			
25000	MA	Massachusetts					17113	66441	69069	68387	1078999	1418295	1740466	2305899	7029917	3340566	3386892	3436864	3418989	3400830	3385536	3411688	3433239	3465906	3470431	3479304	3484135	3506457	3516689	3569557	3589409	3617498	3724520	3818769	3848611	3744255	3731417	3743592	3751662	22133	61652	63566	61404	-27235	-26269	-56813	-39149	7032933		3246356	3258352	3257517	3223294	3226991	3222953	3251029	3277912	3282299	3189506	3198617	3232458	3271256	3283144	3364853	3417296	3472327	3582389	3686198	3731900	3396014	3530207	3606318	3625293	394470	693630	222666	237324	240270	240786	248488	1096249	1260868	1178509	1165489	1156650	1129802	908	16477	42932	50647	1305345	963289	792657	651093	484887	425209	99750	100	94538		-5020	4789	5503	6983	-26327	-9792	-13881	11498	-35220	-5762	-9211	18659	6997713	6991951	6982740	7001399	12.6	20	11	15.8	23	24.3	24.27048267	21.93289834	29.7	27.3	25.89960631	22.84445056	20	15.2	10.85754757	8.597671075	27.2	33.2	38.97236345	46.62498003	34.9	36.4	41.5	27.8	-3873	-759	-833	178	9.5	9.9	9.8	8.8	9.1	8.8	-3.8	-8.1	-5.6	2.4	6.1	7.2	0.7	0.8	1	-1.4	-2	1.6			346399	545469	912058	1038398	1083895	1084720	94210	128540	179347	195695	173839	162583	160659	155327	183607	280925	280687	251677	235201	233545	204704	172113	145171	142131	132571	116711	348241	201210	137274	126369	2.8	3.8	5.2	5.7	5.1	4.8	4.7	4.5	5.3	8.1	8.1	7.2	6.7	6.6	5.7	4.8	4	3.8	3.5	3	9.3	5.4	3.7	3.4			
26000	MI	Michigan					26588	102799	104411	101911	1014047	1396259	1679180	2213104	10077331	5156695	5138844	5034722	5036119	5056148	5069602	5056734	4994841	4915781	4860036	4754799	4668979	4685462	4736919	4759720	4760207	4848638	4911247	4944794	4979516	4861572	4775153	4866063	5007904	31057	115214	117927	105941	-4859	-29881	-8588	-15051	10077674		4968878	4872118	4723286	4678901	4703962	4725701	4701385	4640173	4513249	4221462	4173946	4201785	4261963	4323410	4416017	4501816	4606948	4685853	4739081	4776963	4376032	4500849	4664171	4812421	432915	749187	221972	195456	213238	215992	222039	1546679	1997940	1887449	2010861	2021310	1964538	409	7044	18766	22817	2170415	1681690	1356759	1064133	744419	564902	69097	100	66926		-4469	-12415	-13516	-4030	-4450	-22837	10178	7766	-7047	-32510	-4836	3980	10070627	10038117	10033281	10037261	9.4	14.3	9.7	15.7	27.1	30.3	32.43298378	31.93287876	32.3	31.3	30.72591263	28.1959316	23.2	16.6	11.3159056	8.107727186	17.4	21.8	25.525198	31.76346245	33.7	38	47.2	32	1872	2742	-1498	244	10.2	10.4	10.2	11.5	11.8	10.6	-3	-0.9	-1.5	0.7	1.9	2.3	-1.2	-1.3	-0.4	-2.3	1	0.8			444452	825223	1584387	1944688	2133610	2224908	187817	266726	311436	357218	352186	343901	355349	354668	402532	638574	580853	467194	423499	413509	343703	258391	241690	225394	205713	202553	485540	274304	201892	195483	3.6	5.2	6.2	7.1	7	6.8	7	7.1	8.2	13.1	12.2	10	9	8.7	7.2	5.4	5	4.6	4.2	4.1	10	5.7	4.1	3.9			
27000	MN	Minnesota					16461	63012	64630	63754	604584	868082	1136539	1513374	5706494	2799111	2847955	2873004	2893369	2893478	2880908	2889613	2898861	2914133	2932056	2940696	2952527	2949770	2961729	2979798	3005414	3023110	3071006	3075090	3111674	3122016	3049037	3071450	3099923	12746	51396	53436	49911	-1510	-10887	-28893	-4686	5706804		2714001	2740867	2744745	2754850	2760746	2762419	2772171	2765611	2756573	2699974	2722623	2760400	2783181	2812453	2852488	2891673	2906348	2963830	2982658	3009672	2926644	2935653	2992787	3012707	220932	407281	138569	138635	133634	140494	138585	687242	904382	913265	912672	955846	916744	295	5523	14231	14575	844065	632148	488765	381345	285839	239636	85070	100	82343		3715	11616	11194	13843	-1215	-5364	-14662	9889	3774	7390	-3668	23615	5710578	5717968	5714300	5737915	11.1	17.4	12	17.1	27.6	31.7	32.54891728	31.50244125	33	28.8	27.1096615	23.52079105	17.6	12.1	8.106952933	6.148312162	21.8	27.4	32.23446828	38.82845553	34.5	38.6	42.4	26.9	1274	1138	-200	-117	11	11.3	11.1	9	9.3	8.7	-1.9	-5.1	-0.8	1	2.5	2.5	2	2	2.4	-0.9	-2.6	1.7			238128	401890	763948	1002246	1147626	1227836	85110	107088	128259	138519	132732	118489	117442	133250	157560	232082	218073	192127	166589	149276	127310	113741	116762	107176	92432	102002	195372	113384	78663	87216	3	3.8	4.5	4.8	4.6	4.1	4.1	4.6	5.4	7.9	7.4	6.5	5.6	5	4.3	3.8	3.9	3.5	3	3.3	6.3	3.7	2.6	2.8			
28000	MS	Mississippi					8503	35004	34786	34628	226947	297091	380481	475997	2961279	1309882	1294733	1290793	1304578	1314982	1317407	1280618	1293338	1293375	1268505	1309128	1345990	1330450	1273057	1243934	1260015	1271836	1272685	1268040	1278958	1244316	1251894	1248093	1231104	9676	41703	40733	36032	-2122	-3456	-5752	-2614	2961306		1239841	1223536	1207799	1224551	1234123	1217359	1199290	1213549	1206858	1149831	1176938	1214638	1213245	1164832	1149277	1178018	1196241	1206102	1205342	1208541	1145184	1183867	1200234	1192015	89563	168086	93600	93218	93884	93920	93668	266121	398848	423624	516091	579270	589225	58	627	1555	4800	656198	618625	549685	477030	361500	263266	54386	100	52788		-1173	-6699	-5947	-1404	-2064	-2829	-4197	2186	-2897	-8827	-10654	762	2958409	2949582	2938928	2939690	8.1	12.3	9	13.3	22	26.6	30.6374941	32.57426034	27.5	29.4	30.41028449	29.90537472	35.7	27.1	18.97788224	13.36173513	14.7	16.9	19.97433917	24.15862981	23.9	29.2	59	45.2	340	701	-510	-20	11.8	11.8	11.8	14.1	13.8	12.3	-1.2	-2	-0.9	0.2	0.5	1.6	-2.3	-2	-0.5	-1	-1.4	0.7			99907	182233	338741	467305	583598	641810	70041	71197	82994	80027	80859	100048	81328	79789	86517	118674	132190	131352	117205	108225	94657	81997	75595	66583	62698	70417	99132	68027	47859	39089	5.3	5.5	6.4	6.1	6.1	7.6	6.4	6.2	6.7	9.4	10.1	9.8	8.8	8.5	7.6	6.5	5.9	5.2	4.9	5.5	8	5.4	3.8	3.2			
29000	MO	Missouri					17239	68820	68857	68334	585761	784476	1024076	1345230	6154913	2971441	2987905	2981097	2983337	2995924	3011096	3036656	3058119	3065251	3061704	3043249	3032960	3004347	3011198	3035599	3057859	3072904	3053526	3048449	3073523	3025785	3028635	3036611	3087759	16745	75365	75735	68389	-1291	16811	4614	11171	6154889		2870458	2853157	2823361	2814661	2819803	2847795	2888798	2902504	2875600	2784890	2753910	2770662	2789025	2807115	2848571	2901467	2933457	2939306	2949963	2973662	2839617	2902841	2957352	2993587	233465	405515	164729	164466	163728	162999	169000	795144	1059240	1090940	1189670	1260509	1279442	270	3862	10127	7852	1332385	1064597	858368	679095	508960	354732	68484	100	64783		494	-6545	-6878	-55	-1021	20673	14741	19023	-463	15967	6775	18988	6154426	6170393	6177168	6196156	9	13.9	9.3	13.3	23	27	29.69762539	29.35501983	33.1	32.7	31.72197903	30.3369918	26.1	18.7	12.80849121	8.411089971	17.8	21.6	25.77190437	31.8968984	30.6	36.3	51.2	36.5	64	1839	-1088	20	11.2	11.2	11	12.2	12.3	11.1	2.7	0.7	1.8	0.6	1.6	1.3	-1.1	-1.1	0	3.4	2.4	3.1			241285	389304	756510	981665	1180069	1238028	100983	134748	157736	168676	176121	163301	147858	155615	189651	276814	289339	262298	215322	204083	187028	156392	139447	114220	98486	99861	186168	125794	79259	94172	3.4	4.5	5.3	5.7	5.9	5.4	4.9	5.1	6.2	9	9.5	8.6	7.2	6.8	6.2	5.1	4.5	3.7	3.2	3.2	6.2	4.2	2.6	3			
30000	MT	Montana					2812	10841	11219	11206	100521	142961	191216	266066	1084225	470069	465355	466408	470502	478226	485546	495166	505095	512278	502593	500895	501065	506441	511199	512613	517901	521736	528441	535140	543914	544500	549105	564052	574096	2518	12151	12896	11377	2746	20376	15837	9485	1084244		447383	443866	445122	448251	456674	465728	478726	488129	488259	466778	464808	467786	477056	483798	488738	495725	499266	506871	515213	524870	512744	530391	548848	557509	40136	78747	29291	29311	29306	29307	29305	124113	171109	170070	183415	202958	214759	44	712	1793	609	148759	115334	96469	75358	54629	41822	70939	100	67915		294	-1310	-1677	-171	2790	21088	17630	10094	2967	19155	16512	9934	1087211	1106366	1122878	1132812	11	17.5	14.1	19	27.7	31.5	33.14788251	32.15328396	33.5	31.3	30.23191035	27.8786502	19	12.8	8.137343838	5.429066575	19.8	24.4	28.4828633	34.53899927	34	38	40.8	25.6	-117	-623	559	11	9.9	10.1	9.9	11.1	11.6	10.1	18.6	14.2	8.4	0.6	1.6	0.5	-1.2	-1.5	-0.2	19.2	15.8	8.9			51500	85672	140791	184887	222534	247688	22686	21489	21286	22251	21552	19818	16440	16966	24019	35815	36087	33279	29385	27401	23875	22176	22470	21570	19927	19044	31756	18714	15204	16587	4.8	4.6	4.6	4.7	4.5	4.1	3.3	3.4	4.7	7.1	7.2	6.6	5.8	5.4	4.7	4.3	4.3	4.1	3.7	3.5	5.8	3.4	2.7	2.9			
31000	NE	Nebraska					6046	24410	24174	24195	188662	258140	333027	440234	1961504	938849	945374	952937	967039	973636	972759	971430	979043	987537	987855	992009	1003635	1012807	1014830	1012727	1011666	1016062	1023163	1036411	1050380	1045106	1043331	1050357	1054681	4462	19570	19473	18496	-778	-6037	-4367	-834	1961965		912620	915662	917833	928916	935722	935914	941941	950318	955470	941903	945195	959325	973448	977464	979728	981326	984966	992740	1006283	1017743	1000645	1015997	1027681	1030880	77643	141542	49974	46498	47000	47479	49984	299440	370302	345778	339952	339607	324253	93	1580	4042	5441	327773	242616	181072	145861	113355	102256	74727	100	69828		1584	4840	4701	5699	-685	-4457	-325	4607	1308	980	3807	10319	1963273	1964253	1968060	1978379	9.6	15.5	12.4	17.3	28.2	31.6	33.65322605	32.82395122	34.7	31.3	28.66685012	25.13090425	18.2	13.4	9.568503581	7.925248943	18.9	23.7	28.11142025	34.11989559	37.2	40.6	40.7	26.6	409	597	-569	13	12.4	12.3	12.3	10	9.9	9.4	-3.1	-2.2	-0.4	0.8	2.1	2.8	2.5	2.4	2.9	-2.3	-0.2	2.3			99767	157693	280537	343288	398679	423513	26229	29712	35104	38123	37914	36845	29489	28725	32067	45952	46814	44310	39359	37366	32999	30340	31096	30423	30128	32637	44461	27334	22676	23801	2.8	3.1	3.7	3.9	3.9	3.8	3	2.9	3.2	4.7	4.7	4.4	3.9	3.7	3.3	3	3.1	3	2.9	3.1	4.3	2.6	2.2	2.3			
32000	NV	Nevada					8167	33361	33542	33055	120640	237875	397909	601393	3104614	1070776	1113529	1134096	1150376	1178651	1228449	1291512	1344209	1373107	1367367	1358860	1360791	1366208	1370727	1380084	1396761	1414233	1444262	1494692	1545118	1505941	1500442	1557609	1602652	7009	32390	33435	29322	10289	25387	20526	8642	3104617		1026650	1055769	1069601	1089893	1126205	1177587	1239263	1282414	1278789	1207052	1171879	1179653	1207733	1234021	1267424	1301094	1332390	1372022	1429284	1481046	1302514	1397961	1476297	1520260	28592	69247	36597	35251	34752	35093	36964	103235	193787	248968	384270	514459	602478	137	3612	10179	4266	92220	117580	167628	253374	279754	277389	76332	100	72348		1158	971	107	3733	10426	28999	30705	12908	11223	30792	30789	16755	3115840	3146632	3177421	3194176	10.8	14.4	15.5	20.6	32	33.2	33.43926871	32.54984675	31.5	29.3	28.72421385	27.43423398	21.2	19.3	15.61973592	12.63109148	15.3	18.2	22.21678153	27.38482779	38.9	40.4	34.8	24.5	-361	822	-23	114	10.7	10.6	10.4	10.3	10.6	9.2	8.1	6.5	2.7	1.2	3.2	1.3	0.3	0	1.2	9.3	9.7	4.1			41042	98987	252402	434657	598907	714821	44126	57760	64495	60483	52446	50862	52249	61795	94318	160315	186981	181138	158475	136706	112660	95667	81843	72240	65408	64072	203427	102481	81312	82392	4.1	5.2	5.7	5.3	4.4	4.1	4	4.6	6.9	11.7	13.8	13.3	11.6	10	8.2	6.8	5.8	5	4.4	4.1	13.5	6.8	5.2	5.1			
33000	NH	New Hampshire					2994	12044	12332	12155	173941	236104	303370	401838	1377529	685799	692029	700563	708938	715495	726101	732384	737928	742881	739802	739340	736785	740796	743036	743756	746317	752478	758133	770469	778467	761429	753206	760333	759604	3481	13709	14674	14264	1272	8461	10118	4298	1377524		667603	668566	668980	677387	688271	699666	706655	712023	715076	694362	694132	696591	700448	704023	711740	720832	731002	736918	750285	758463	710538	727574	742975	742886	43153	98684	42736	37148	41517	41525	42739	136982	201416	226267	247723	265671	272558	88	1542	3834	859	168709	150385	127423	103754	77643	59997	97031	100	90750		-487	-1665	-2342	-2109	1360	10003	13952	5157	1178	8792	11509	3051	1378702	1387494	1399003	1402054	10.9	18.2	12.3	16.9	26.1	28.7	28.72733204	27.23176863	31.7	30.1	29.28026821	27.00674381	17.8	12.6	8.557230051	5.94487635	24.4	28.7	33.43516969	39.81661121	34.4	37.2	42.4	27.7	305	454	-101	3	8.7	8.9	8.7	9.9	10.5	10.2	6.1	7.3	3.1	1.1	2.8	0.6	-1.2	-1.7	-1.5	7.2	10	3.7			48837	91468	186263	236406	260654	274829	18196	23463	31583	31551	27224	26435	25729	25905	27805	45440	45208	40194	40348	39013	32016	25485	21476	21215	20184	20004	50891	25632	17358	16718	2.7	3.4	4.5	4.5	3.8	3.6	3.5	3.5	3.7	6.1	6.1	5.5	5.4	5.3	4.3	3.4	2.9	2.8	2.6	2.6	6.7	3.4	2.3	2.2			
34000	NJ	New Jersey					24722	98001	102468	102055	1284017	1684861	2112098	2771686	9288994	4287640	4294366	4345273	4344387	4348048	4387304	4436646	4436092	4495936	4540303	4559778	4561786	4576286	4528019	4493894	4494606	4492821	4614953	4604787	4687390	4638386	4648814	4736213	4829671	33966	83971	82566	76563	-9361	-33561	-65605	-44666	9289039		4130824	4112095	4094389	4091465	4134064	4192396	4231848	4248982	4251455	4133366	4118982	4134708	4147221	4147661	4191318	4237876	4271201	4406151	4420713	4525044	4200980	4337793	4552563	4615722	480126	826040	180438	169976	168464	168097	180395	1292000	1615424	1606555	1661493	1741272	1662983	901	14745	38635	49298	1925498	1468349	1205206	1014477	723029	600736	99716	100	96341		-9244	14030	19902	25492	-8460	-18816	-26970	4632	-16647	-3217	-8358	30024	9272392	9269175	9260817	9290841	11.8	18.3	8.8	13.2	20.7	22.9	23.33718513	22.04314143	31.1	29.4	29.1694	25.74587953	23.3	17.9	12.11202047	9.300441849	24.9	29.8	35.3813944	42.91053719	31.8	35.9	47.5	32.6	1057	1569	-1290	-100	10.6	11.1	11	9.1	8.9	8.3	-3.6	-7.1	-4.8	1.6	4.2	5.3	1.5	2.1	2.7	-2	-2.9	0.5			358982	594434	1070455	1296968	1393117	1423815	156816	182271	250884	252922	213984	194908	204798	187110	244481	406937	440796	427078	429065	380358	302576	256730	221620	208802	184074	162346	437406	311021	183650	213949	3.7	4.2	5.8	5.8	4.9	4.4	4.6	4.2	5.4	9	9.7	9.4	9.4	8.4	6.7	5.7	4.9	4.5	4	3.5	9.4	6.7	3.9	4.4			
35000	NM	New Mexico					5327	21433	21151	20728	188336	266149	341878	438228	2117522	846150	855088	866850	880251	890462	906007	914467	920673	933628	928373	928862	925108	928762	929410	931950	938300	944245	948581	944936	955798	931499	942420	947411	965244	5523	24640	25470	22344	702	-1206	-4496	-1088	2117525		803666	812557	819275	828390	841002	858722	876100	887565	893645	862687	856602	858165	863937	865207	870570	876206	880515	890988	898360	908397	858100	875911	908878	928983	62350	124345	42792	42993	43017	43081	42841	146711	241403	264943	301746	351718	373330	158	2259	5839	3642	219208	220240	229974	239981	221143	178146	62286	100	59842		-196	-3207	-4319	-1616	860	1053	1343	2554	963	-1538	-3474	895	2118488	2116950	2113476	2114371	12.7	17.6	12.5	17.1	25.9	28.8	31.42505656	31.791545	28.7	26.6	26.36712981	25.72917004	24.9	21.1	16.57835592	12.27747228	20.4	23.5	25.62945771	30.20181268	30	34.1	44.8	31.1	299	616	-498	-43	10.1	10	9.8	11.6	12	10.6	-0.6	-2.1	-0.5	1.1	2.8	1.7	-1.5	-2	-0.8	0.5	0.6	1.2			61354	121159	239337	326925	419187	461295	42484	42531	47575	51861	49460	47285	38367	33108	39983	65686	72260	66943	64825	64203	61380	62094	63730	57593	46576	47401	73399	66509	38533	36261	5	5	5.5	5.9	5.6	5.2	4.2	3.6	4.3	7.1	7.8	7.2	7	6.9	6.6	6.6	6.7	6.1	4.9	5	7.9	7.1	4.1	3.8			
36000	NY	New York					53056	205414	210106	207450	2733829	3433212	4295906	5535503	20201249	9140541	9126538	9294770	9283810	9359930	9455488	9520386	9511023	9641100	9664010	9630297	9537752	9602599	9632949	9523567	9536519	9527021	9838170	9826126	9850900	9564414	9532961	9595770	9717791	72698	177088	176382	165914	-72398	-295159	-298341	-216778	20202320		8727537	8680547	8718237	8689954	8816050	8986176	9090969	9088287	9121271	8853905	8790607	8741662	8775083	8880792	8925328	9035989	9062866	9382750	9424212	9470443	8628006	8856999	9178585	9306973	1238535	1923547	576054	610499	613035	616970	609872	3249934	3651739	3485686	3480768	3578443	3437438	1343	28769	77285	73867	4932459	3615909	2977604	2626324	1981850	1698537	82052	100	79463		-19642	28326	33724	41536	-71055	-266390	-221056	-142911	-97610	-250184	-181326	-101984	20104710	19854526	19673200	19571216	11.9	17.9	9.6	14.3	22.2	23.9	24.77322133	23.75412417	29.5	27.8	27.3122265	24.5599036	25.2	20.9	15.12633737	12.13575488	23.1	27.4	32.78821479	39.55021735	31.2	34.1	47.3	33.7	-6913	-12120	6006	-609	10.3	10.6	10.6	8.9	8.9	8.5	-14.8	-15.1	-11	1.4	3.9	3.8	1.4	1.7	2.1	-13.3	-11.2	-7.3			997627	1529817	2621450	3002232	3245783	3324660	413004	445991	576533	593856	543880	469312	429417	422736	519829	810105	839690	796090	827516	752157	598239	500530	464155	455420	401914	380457	936408	675962	417185	410818	4.5	4.9	6.2	6.4	5.8	5	4.5	4.4	5.4	8.4	8.7	8.3	8.6	7.8	6.3	5.2	4.9	4.6	4.1	3.9	9.8	7.1	4.3	4.2			
37000	NC	North Carolina					28675	116747	121639	121148	739049	1186713	1696645	2521353	10439388	4127465	4191959	4209274	4285401	4287954	4348830	4461103	4528594	4578477	4613198	4633695	4657873	4720203	4701391	4698287	4763821	4844851	4865900	4911884	5000820	4831154	4939281	5155937	5231638	25861	115480	117926	108491	12492	101909	98524	97264	10439459		3972811	3956124	3917218	3997950	4036223	4105112	4232804	4297692	4296605	4104074	4135783	4180071	4271383	4336379	4410647	4493882	4598456	4646212	4715616	4807598	4483551	4697757	4965568	5050870	223626	450423	273969	280778	281714	281967	285561	572928	947017	1232868	1502978	1722998	1812528	679	9920	26184	29448	1628322	1537018	1277747	1154724	979717	744581	70838	100	67516		2814	1267	3713	12657	13171	111829	124708	126712	14353	113288	128865	139526	10453812	10567100	10695965	10835491	8.5	13.2	8.4	13.8	23.6	27.2	30.43521161	30.06616808	29	28.4	27.24487	24.95972767	30	21.9	15.49175466	10.25338036	17.4	22.5	26.82816373	34.7207239	21.7	27.8	61.5	45.2	-1632	192	444	157	11.1	11.4	11.3	11	11.1	10.1	9.7	9.3	9	0.9	2.5	2.7	0.1	0.3	1.2	10.6	11.7	11.8			221396	468761	1003830	1438579	1924759	2183348	154654	235835	292056	287451	251731	243718	228299	230902	281872	509124	497912	477802	448820	365012	287640	269939	246395	219688	196268	193222	347603	241524	190369	180768	3.7	5.6	6.9	6.7	5.9	5.6	5.1	5.1	6.2	11	10.7	10.3	9.5	7.8	6.1	5.7	5.1	4.5	4	3.9	7.2	4.9	3.7	3.5			
38000	ND	North Dakota					2563	10019	9839	9649	71639	89843	119800	164378	779094	342761	342528	342463	347099	353652	356385	362712	367564	371843	370364	379062	387383	395490	401518	409503	410764	411778	415765	412069	414120	409175	407443	412237	416722	1751	7766	7390	6945	-448	-4008	-2727	-9	779079		332615	332805	330852	335092	341694	344595	351410	356434	360446	355736	365041	374434	383888	389928	398783	399296	399001	404901	402201	405150	388962	395160	403886	408909	26702	54042	26189	27965	28818	28831	26204	87806	114122	111215	113931	120581	130763	29	453	1260	2298	158151	122546	92427	65956	42106	31418	77346	100	73240		812	2253	2449	2704	-419	-3555	-1467	2289	484	-1581	930	5014	779563	777982	778912	783926	8.4	14.8	14.3	20.3	30.6	34	36.20279637	35.86180077	28	27.9	27.23215798	25.68265871	23.3	16.1	9.509269652	6.170688737	18.1	22	27.055776	32.28485178	27.6	31.3	49.7	33.6	91	-279	-52	21	12.9	12.6	12.3	10	9.5	8.9	-5.1	-3.5	0	0.6	1.6	2.9	2.9	3.1	3.5	-4.6	-1.9	2.9			45680	73891	121269	138855	160302	182590	10146	9723	11611	12007	11958	11790	11302	11130	11397	14628	14021	12949	11602	11590	10720	11468	12777	10864	9868	8970	20213	12283	8351	7813	3	2.8	3.4	3.5	3.4	3.3	3.1	3	3.1	3.9	3.7	3.3	2.9	2.9	2.6	2.8	3.1	2.6	2.4	2.2	4.9	3	2	1.9			
39000	OH	Ohio					32340	128271	128796	128826	1175336	1563532	1908439	2514129	11799448	5781442	5821151	5827493	5862996	5853714	5880691	5957220	6017203	6002468	5904847	5871473	5773480	5712475	5706777	5713176	5710776	5754480	5818975	5819989	5879395	5736620	5708982	5733131	5786996	33762	146812	149079	131288	-2867	-27624	-4862	637	11799331		5544340	5566414	5490092	5498959	5487218	5531429	5635968	5679258	5609101	5304803	5267304	5263728	5290392	5281459	5381787	5427850	5464097	5529479	5558124	5634934	5266859	5415608	5503265	5582438	528186	858963	299438	270472	288579	296114	299586	2010237	2547330	2515987	2674551	2694883	2624935	518	9280	23737	28081	2665837	2078014	1684888	1262085	910330	680554	67873	100	65786		-1422	-18541	-20283	-2462	-2349	-18344	18875	28718	-1039	-33065	-5530	26238	11798292	11765227	11759697	11785935	9.3	13.7	8.7	12.8	22.4	25.8	28.54162182	28.35933084	36.3	36.1	34.92639154	32.31347829	24.3	17	11.79811591	8.377756746	17	21.1	24.73387073	30.94943412	35.3	40.5	46.8	33	2732	3820	-4122	-18	10.9	10.9	10.9	12.5	12.7	11.2	-2.3	-0.4	0.1	0.8	2	2.4	-1.6	-1.7	-0.2	-1.6	1.6	2.4			496057	807360	1548553	1911572	2202241	2303726	237102	254737	337401	364037	366496	349262	321252	337945	393367	600044	604169	509752	422083	425318	331389	282926	290383	289496	261865	244461	469761	293374	229866	204558	4.1	4.4	5.8	6.2	6.3	5.9	5.4	5.6	6.6	10.2	10.3	8.8	7.4	7.5	5.8	5	5	5	4.5	4.2	8.2	5.1	4	3.5			
40000	OK	Oklahoma					11579	47473	48121	48073	354969	446771	566500	733793	3959353	1655517	1672620	1685334	1686378	1690505	1709289	1714440	1723271	1740886	1769447	1765708	1767056	1794901	1799525	1797769	1829046	1828055	1826272	1831256	1843331	1842829	1866370	1903508	1963240	10353	50805	51669	45506	3825	26348	26304	23587	3959411		1605949	1611746	1607453	1595412	1610799	1635004	1647518	1654796	1678409	1653357	1650502	1668235	1703624	1707220	1719826	1750501	1743225	1752733	1771251	1785400	1726786	1791369	1845328	1899949	142544	266762	117255	117498	117361	117382	117326	426577	615290	607903	693607	773447	811387	172	2188	5663	8380	688737	602284	506961	427233	336888	287078	62120	100	59632		1226	-3332	-3548	2567	3997	28536	31967	31967	5823	26400	27637	34553	3965234	3991634	4019271	4053824	10	15.1	11.6	16.1	26.3	28.8	31.2299324	30.63110371	30.5	31.5	31.72047487	30.71893841	25.4	19.4	13.81639251	10.86871173	17.8	20.3	23.23320022	27.78124615	30	34.8	48.4	34	600	1196	-782	19	11.9	12	11.9	12.8	12.9	11.3	6.6	6.6	5.8	0.5	1.4	2.1	-0.8	-0.9	0.6	7.2	8	7.9			164711	285425	525591	635562	761486	809067	49568	60874	77881	90966	79706	74285	66922	68475	62477	116090	115206	98821	91277	92305	77943	78545	84830	73539	60005	57931	116043	75001	58180	63291	3	3.6	4.6	5.4	4.7	4.3	3.9	4	3.6	6.6	6.5	5.6	5.1	5.1	4.3	4.3	4.6	4	3.3	3.1	6.3	4	3.1	3.2			
41000	OR	Oregon					10281	39660	40521	39046	382171	564566	763911	1094312	4237256	1811837	1815076	1834254	1846328	1845407	1848897	1881770	1910890	1946539	1968365	1991749	1995931	1964662	1924692	1950128	1979475	2042929	2075682	2080051	2091454	2107241	2144461	2159953	2162127	9546	41943	46369	43285	6407	10253	-17575	-6051	4237279		1717623	1699359	1696894	1698482	1709561	1734710	1780651	1812303	1825256	1755156	1778034	1804257	1791248	1775139	1820202	1871286	1946233	1991503	1996490	2013835	1947540	2033502	2075083	2081652	136172	282036	96910	97142	97031	97030	96931	404406	586543	536687	591229	647185	676182	177	2609	7234	4304	461957	384834	343609	334811	283302	250221	80061	100	75638		735	-2283	-5848	-4239	6584	12862	-10341	-1747	7765	11421	-17086	-6021	4245044	4256465	4239379	4233358	11.8	17.9	13.3	20.7	32	33.8	35.13133776	33.11127735	28.9	26.3	24.77695628	22.38264686	18.5	14.9	10.84598881	8.282693536	20.6	25.1	29.24571715	36.22338225	35	37.1	40	24.4	446	842	-897	-35	9.3	9.5	9.2	9.9	10.9	10.2	2.4	-4.1	-1.4	0.6	1.7	1	-0.5	-1.4	-1	3	-2.4	-0.4			153489	326428	592902	760392	917646	1000295	94214	115717	137360	147846	135846	114187	101119	98587	121283	213209	213715	191674	173414	149553	129926	108189	96696	84179	83561	77619	159701	110959	84870	80475	5.2	6.4	7.5	8	7.4	6.2	5.4	5.2	6.2	10.8	10.7	9.6	8.8	7.8	6.7	5.5	4.7	4.1	4	3.7	7.6	5.2	3.9	3.7			
42000	PA	Pennsylvania					32903	130245	131600	129489	1412746	1847631	2341877	3157318	13002700	6105742	6178900	6214539	6157935	6212828	6256642	6297964	6346588	6439786	6400238	6360605	6381749	6449023	6419837	6389059	6423155	6458891	6485253	6509775	6576454	6506484	6431855	6465248	6518343	40289	155661	155062	140568	-3696	27803	-39731	-24825	13002788		5848152	5882813	5869299	5808102	5878607	5943887	6002761	6057645	6096818	5890073	5838498	5886748	5955409	5962130	6010075	6076402	6114644	6161913	6222004	6291680	5929949	6054068	6202046	6295653	585290	981416	404164	431829	432990	433964	404194	2306108	2925153	3035080	3150013	3222376	3039316	626	10199	25721	25776	3329284	2556743	1994278	1496105	1013820	740736	73826	100	71789		-7386	-25416	-23462	-11079	-3070	38002	-14010	951	-7311	18137	-41523	-10408	12995477	13013614	12972091	12961683	8.7	13.6	7	10.7	18.2	21.4	24.03083219	24.20780789	38.6	38.1	37.2147319	33.20515154	25.3	18.1	11.70845348	8.092692939	17.9	22.4	27.04598243	34.49434763	34.5	40.4	49.8	35.3	3145	5551	-4051	-280	10	10.1	10	12	11.9	10.8	2.1	-3.1	-1.9	0.8	2	2	-2	-1.8	-0.9	2.9	-1.1	0.1			469256	776932	1430828	1772535	2080799	2215776	257590	296087	345240	349833	334221	312755	295203	288943	342968	510165	522107	495001	493614	457707	378984	346753	344247	323340	287771	284774	576535	377787	263202	222690	4.2	4.8	5.6	5.7	5.4	5	4.7	4.6	5.3	8	8.2	7.8	7.7	7.1	5.9	5.4	5.3	5	4.4	4.3	8.9	5.9	4.1	3.4			
44000	RI	Rhode Island					2546	10030	10386	10006	140160	177817	218325	289667	1097379	542514	541661	550244	560785	555679	563439	571586	571086	568229	571203	571505	562061	560204	558747	556635	555272	553231	568144	572663	574066	570736	572546	571754	573848	3389	11332	11078	10434	-430	365	-4855	-3224	1097371		520813	517532	522201	529583	526489	534535	541675	541956	525187	505930	504957	500109	502897	505776	513406	521767	524438	542552	549529	553845	518282	540926	553588	556609	49199	88768	45748	44923	44621	44013	45742	151919	188488	194064	192914	195007	205862	77	1072	2663	5777	281089	223949	184344	153086	108156	81676	83518	100	80873		-843	-1302	-692	-428	-353	1437	-2192	2553	-927	648	-3250	2120	1096444	1097092	1093842	1095962	9.4	15.4	8	12.9	21.3	24.6	26.51817783	25.66628676	29.5	27.8	27.47804301	26.51135537	28	22	15.24004379	10.51841263	21.3	25.6	30.76373536	37.30394524	29	32.8	53.6	38.9	269	513	-366	-5	9.1	9.5	9.1	10.3	10.1	9.5	0.3	-4.4	-2.9	1	2.4	5.3	-1.2	-0.6	-0.4	1.3	-2	2.3			41875	74038	140388	170756	188195	199300	21701	24129	28043	31202	29190	28904	29911	29130	43042	65273	66548	61952	57307	52971	43229	33505	28793	25592	23134	20221	52454	31620	18166	17239	4	4.5	5.1	5.6	5.3	5.1	5.2	5.1	7.6	11.4	11.6	11	10.2	9.5	7.8	6	5.2	4.5	4	3.5	9.2	5.5	3.2	3			
45000	SC	South Carolina					13492	55815	57508	57581	360833	530055	755287	1136208	5118425	1965481	1941956	1954548	1999485	2043864	2071111	2148698	2155198	2160084	2166737	2174535	2185171	2190203	2197876	2222426	2267837	2286054	2261766	2282022	2333533	2339140	2359169	2393329	2453060	14065	64911	64636	58852	14724	67368	83401	82562	5118422		1892559	1839246	1828735	1855599	1891722	1919644	2001245	2024493	2002903	1919307	1928442	1957493	1992957	2034404	2082941	2134087	2174301	2166708	2205356	2268884	2199751	2266611	2316435	2380392	115119	232629	136629	135870	139073	139093	138600	264070	468796	639358	778054	932051	1019313	335	4028	10467	9291	798556	802294	687260	614279	490863	375697	67988	100	64227		-573	-9096	-7128	-1271	15059	71396	93868	91853	13729	61697	89107	90600	5132151	5193848	5282955	5373555	9	13.4	8.3	13.2	22.2	25.9	29.17928051	29.89042132	29.5	30	30.3041466	28.23289222	31.7	23.7	15.95962486	10.40604104	16.6	20.4	24.55694803	31.47064542	20.6	27.1	62.2	46.3	-757	-603	2367	18	10.8	11	10.8	12.6	12.3	11	13	15.9	15.5	0.8	2	1.7	-1.8	-1.4	-0.2	13.8	17.9	17.2			106092	229303	480139	673622	897454	1079156	72922	102710	125813	143886	152142	151467	147453	130705	157181	247430	246093	227678	197246	163472	139485	133750	111753	95058	76666	64649	139389	92558	76894	72668	3.7	5.3	6.4	7.2	7.4	7.3	6.9	6.1	7.3	11.4	11.3	10.4	9	7.4	6.3	5.9	4.9	4.2	3.4	2.8	6	3.9	3.2	3			
46000	SD	South Dakota					2832	11063	11324	11369	73891	102012	138523	185411	886667	408496	413493	416793	421524	425953	429361	432760	436295	439212	441300	443618	445866	447056	447479	450769	453091	455133	455339	459202	464665	464293	468876	474514	480238	2020	9779	9226	8556	299	6026	8374	4812	886668		398124	401072	403343	406897	410618	414088	419816	423910	425670	421123	421815	425367	428943	430834	435733	439293	441418	441450	446413	451735	444895	456631	464946	470715	30043	54624	32122	32077	32214	32218	32154	108908	141375	144990	156006	169564	175713	65	1100	2781	1788	163089	125056	98720	73180	52522	41643	72794	100	70597		812	1284	2098	2813	364	7126	11155	6600	1184	8447	13570	9449	887852	896299	909869	919318	8.6	14	13.6	17.7	26.2	30.2	32.18741832	32.43717468	33.7	32.9	31.88653805	29.47527162	22.9	15.4	9.876770727	6.985474815	17.2	21.5	26.0492729	31.10207888	31.2	36.3	46.7	32.1	8	37	317	36	12.4	12.5	12.4	11	10.2	9.4	6.8	9.3	5.3	1.2	3.1	2	1.4	2.3	3.1	8	12.4	7.2			47457	68936	112899	143161	171164	193370	10372	12421	13450	14627	15335	15273	12944	12385	13542	20177	21803	20499	18113	16645	15036	13798	13715	13889	12789	12930	19398	12245	9568	9523	2.5	3	3.2	3.5	3.6	3.6	3	2.8	3.1	4.6	4.9	4.6	4.1	3.7	3.3	3	3	3.1	2.8	2.8	4.2	2.6	2	2			
47000	TN	Tennessee					19250	79463	82053	82244	500991	732688	998674	1460501	6910840	2849026	2857659	2898948	2904566	2897792	2898490	3014749	3043258	3060778	3032658	3093118	3117492	3096322	3078892	3043573	3074216	3136399	3197032	3257053	3339445	3299159	3321355	3361979	3379605	18931	89405	91616	81216	14621	45241	83818	63417	6910786		2738785	2728621	2750424	2744351	2742911	2738224	2856079	2901946	2862093	2725134	2789056	2833278	2849727	2840127	2842540	2902684	2987679	3077515	3143792	3227700	3053560	3172858	3247975	3267935	167982	339173	156412	135988	145366	148006	156477	546481	852715	942865	1182699	1401231	1508292	208	3114	7993	13054	1239514	1180339	1033914	901684	685390	499497	67651	100	65231		319	-9942	-9563	1028	14829	48355	91811	76471	15305	37618	85267	77513	6926091	6963709	7048976	7126489	7.9	12.6	8.2	11.9	21.1	24.8	27.42002263	27.82715258	30	31.6	32.96323829	31.38657044	32.9	24.1	16.12344709	10.39420601	16	19.6	23.49329199	30.39207097	25.7	31.7	58.2	43.8	157	-795	3019	14	11.4	11.7	11.6	12.9	13.1	11.5	6.5	12	8.9	0.4	1.1	1.8	-1.4	-1.4	0.1	7	13.1	10.8			173969	320029	661296	927857	1165595	1337243	110241	129038	148524	160215	154881	160266	158670	141312	198685	307524	304062	284214	246595	238765	201033	171532	148720	119517	113261	111745	245599	148497	114004	111670	3.9	4.5	5.1	5.5	5.3	5.5	5.3	4.6	6.5	10.1	9.8	9.1	8	7.8	6.6	5.6	4.7	3.7	3.5	3.3	7.4	4.5	3.4	3.3			
48000	TX	Texas					88268	364918	384024	390494	2094905	2972293	4139808	6381971	29145505	10388337	10539140	10742014	10910636	10998258	11172694	11335112	11441054	11677743	11944138	12260100	12499595	12639465	12832035	13006202	13090961	13346836	13473991	13714126	13927670	13941490	14292315	14672312	15067153	55732	270419	261745	232241	52914	191643	224896	186767	29145459		9932973	10014830	10061049	10176554	10336114	10561373	10770786	10940176	11110499	11043167	11255444	11498869	11794975	12022272	12333076	12503464	12728898	12888025	13178793	13434744	12872070	13486624	14093906	14472524	632476	1340981	606181	608077	604736	605204	606011	1458297	2285510	2640162	3176743	3986617	4691708	1957	43475	117197	128534	3060636	2969790	2872559	3114561	3031189	2759723	75778	100	72279		32536	94499	122279	158253	54871	235118	342093	315301	88902	326925	468562	473453	29234361	29561286	30029848	30503301	10.9	16.9	11.4	17	26.2	27.6	29.22562621	28.30439722	25.6	24.8	25.28769338	24.3161323	27.9	24.3	19.22727416	14.30306182	20.3	23.2	26.25940625	33.07640867	25.1	28.8	52.6	37.4	1495	-2692	4190	-101	12.4	12.9	12.9	9.2	8.8	7.7	6.5	7.5	6.2	1.5	3.9	4.2	3.2	4.1	5.2	8	11.5	10.4			665746	1347880	2702979	3527296	4607434	5461229	455364	524310	680965	734082	662144	611321	564326	500878	567244	900971	1004656	1000726	844490	809763	673126	587497	617938	585966	535333	492926	1069420	805691	578406	594629	4.4	5	6.3	6.7	6	5.5	5	4.4	4.9	7.5	8.2	8	6.7	6.3	5.2	4.5	4.6	4.3	3.9	3.5	7.7	5.6	3.9	3.9			
49000	UT	Utah					11862	45703	46371	45965	199753	312963	471185	739555	3271616	1142860	1162874	1179433	1197252	1231740	1280653	1333278	1377638	1385646	1373841	1350173	1341427	1348557	1385908	1415779	1453457	1500137	1554352	1584494	1619079	1644201	1683325	1737741	1790381	4964	21993	23370	21169	4636	29664	13803	1338	3271614		1104750	1112047	1112581	1130789	1170046	1228827	1295285	1342237	1339394	1274210	1242907	1246797	1284149	1327560	1364353	1401945	1449981	1505413	1538295	1577970	1564747	1636957	1696513	1743223	68828	140102	55431	50973	53718	55398	55459	176606	253495	244132	294426	376840	449786	120	2054	5462	10285	161198	140818	133315	147011	147760	134602	93030	100	88531		6898	23710	23001	24796	4756	31718	19265	11623	12368	55302	41952	36498	3283982	3339284	3381236	3417734	14	19.9	17.4	24.2	35.7	37	36.90147217	33.90476885	27.2	24.6	23.87869794	22.45467489	14.9	12.3	9.362903108	6.719738164	22.3	26.1	29.85692678	36.9208181	35.9	36	32.7	20	714	-126	-314	79	13.8	13.8	13.5	6.6	7	6.2	9	4.1	0.4	0.6	1.6	3	7.2	6.8	7.3	9.6	5.7	3.4			85705	170375	320121	443492	582358	679141	38110	50827	66852	66463	61694	51826	37993	35401	46252	99631	107266	94630	64408	58348	51426	51512	50156	48939	46199	41109	79454	46368	41228	47158	3.3	4.4	5.7	5.6	5	4	2.8	2.6	3.3	7.3	7.9	7.1	4.8	4.2	3.6	3.5	3.3	3.1	2.9	2.5	4.8	2.8	2.4	2.6			
50000	VT	Vermont					1303	5153	5385	5072	86854	119025	147624	197369	643077	334055	338145	343261	346380	347352	349521	355394	353268	353986	359282	359692	357676	353947	350175	348697	346512	345851	355385	355343	353432	339758	336265	343550	350886	1565	6447	7216	6876	-66	4842	1126	844	643077		324667	326980	330080	331239	334555	337407	342232	339367	337925	337018	336920	337779	336899	334684	334742	334262	335043	344698	346553	346059	320708	324166	335547	343840	26725	56184	24880	24875	24940	24942	24888	76675	107297	123430	130804	134734	126179	21	415	1009	1312	99897	85509	68637	54896	37748	25326	80626	100	74555		-262	-1294	-1831	-1804	-45	5257	2135	2156	-141	4157	17	354	642936	647093	647110	647464	11.5	19	12.6	15.6	21.9	24.6	25.82945032	24.64859308	34.6	32.4	31.21870518	27.25271925	19.2	13.6	8.746446206	5.470025659	24.3	29.4	34.20539829	42.62866202	33	36.4	42.9	29	166	194	-287	2	8	8.3	7.8	10	11.2	10.6	7.5	1.7	1.3	0.6	1.6	2	-2	-2.8	-2.8	8.2	3.3	3.3			29346	46061	78324	99498	111475	114122	9388	11165	13181	15141	12797	12114	13162	13901	16061	22264	22772	19897	17048	15491	13955	12250	10808	10687	8790	7373	19050	12099	8003	7046	2.8	3.3	3.8	4.4	3.7	3.5	3.7	3.9	4.5	6.2	6.3	5.6	4.8	4.4	4	3.5	3.1	3	2.5	2.1	5.6	3.6	2.3	2			
51000	VA	Virginia					23580	94275	96018	95669	972894	1374988	1857577	2471630	8631393	3606390	3681107	3739499	3772549	3814529	3906549	3976503	4039414	4128589	4136186	4163293	4205184	4217529	4238377	4258856	4233981	4254348	4352977	4359053	4419378	4332338	4315045	4427292	4555208	19723	83763	86329	79980	-31	-5468	-24930	-6985	8631373		3524481	3559669	3576530	3609335	3658421	3756587	3844285	3906626	3952723	3853351	3858466	3929008	3967151	4002057	4040908	4048081	4084822	4193290	4228274	4297265	4053387	4148175	4304759	4424155	300943	598069	236622	235919	235960	235956	236654	616942	889682	1059199	1212463	1352347	1423702	764	14296	37444	28117	1277359	1177007	987203	864610	699056	516186	89864	100	85838		3857	10512	9689	15689	733	8828	12514	21132	5820	20155	21751	36599	8637193	8657348	8679099	8715698	12.3	19.1	10.3	14.9	24	26	27.02458345	25.96776427	26.6	26	25.24650565	23.89196691	24.8	18.5	13.05043842	8.662415893	24.5	29.5	34.67847248	41.47785293	25.2	28.4	52.2	37.6	1230	815	-452	-222	10.9	11.1	11	9.7	10	9.2	-0.6	-2.9	-0.8	1.7	4.3	3.2	1.2	1.1	1.8	1	1.4	2.4			250838	468124	955518	1214513	1447591	1547397	81909	121438	162969	163214	156108	149962	132218	132788	175866	282835	304827	276176	250378	236320	217948	185900	169526	159687	130779	122113	278951	166870	122533	131053	2.3	3.3	4.4	4.3	4.1	3.8	3.3	3.3	4.3	6.8	7.3	6.6	5.9	5.6	5.1	4.4	4	3.7	3	2.8	6.4	3.9	2.8	2.9			
53000	WA	Washington					21105	82602	83874	82523	716969	1061425	1423109	2097154	7705281	3087680	3085655	3101001	3136253	3189389	3259772	3330058	3401404	3474043	3463713	3458451	3437871	3468738	3460772	3495153	3554826	3648558	3727683	3814538	3960885	3891363	3869163	3969967	4025762	15173	64924	70848	67663	11889	-15418	-4692	-15276	7705267		2929824	2900354	2881326	2910008	2988316	3077058	3164354	3244794	3291664	3176729	3142109	3144459	3203294	3230947	3287904	3361249	3459527	3554754	3645992	3794004	3560168	3667123	3806848	3860883	232292	462318	160185	140345	153013	153031	160193	661800	911171	873150	953544	1063518	1176403	673	13996	37322	28919	666656	546395	505783	494336	451404	421541	94553	100	91255		5932	17678	13026	14860	12562	-1422	32630	13643	19299	16867	43044	28403	7724566	7741433	7784477	7812880	12.7	19	14.5	21.3	33	34.4	34.81860885	31.68797224	27.9	24.9	23.59457159	21.74840137	16.2	12.9	10.01457803	7.793114145	22.9	27.7	31.57224154	38.77051225	36.2	37.4	36.5	22.4	805	611	-2612	-100	10.7	10.8	10.6	8.4	9.1	8.7	-2	-0.6	-2	1.8	4.8	3.7	2.3	1.7	1.9	-0.2	4.2	1.7			265140	519533	1030488	1318202	1569438	1714049	157856	185301	219675	226245	201073	182714	165704	156610	182379	286984	316342	293412	265444	229825	207249	193577	189031	172929	168546	166881	331195	202040	163119	164879	5.1	6	7.1	7.2	6.3	5.6	5	4.6	5.2	8.3	9.1	8.5	7.7	6.6	5.9	5.4	5.2	4.6	4.4	4.2	8.5	5.2	4.1	4.1			
54000	WV	West Virginia					4296	17056	17100	17263	144518	182960	231418	295541	1793716	799081	796596	798709	791841	789527	794557	804910	804305	806254	811270	810101	806568	808022	799481	795733	791526	785104	784744	793415	794874	777139	773616	778705	785642	5871	27613	30006	25929	-813	2878	414	3595	1793713		754457	753657	747040	739896	743989	751202	763325	765517	768294	743870	739891	743346	749587	745849	743955	739455	737205	743786	752602	755523	713044	733825	748269	754986	65640	119488	52000	51955	52060	52052	52037	267165	408318	429123	486334	528874	501118	36	727	1792	1101	566026	504854	398527	305814	214586	144554	55875	100	54097		-1575	-10557	-12906	-8666	-777	3605	2206	4696	-2151	-6313	-11214	-3964	1791562	1785249	1774035	1770071	6.8	10.4	7.3	10	17	21	24.5610451	25.84214333	36.6	39.4	40.9258408	39.48291919	34	24.8	16.60530197	11.38936119	12.3	14.8	17.90781212	23.28557629	27.6	35.6	58.4	44	201	639	-514	6	9.5	9.6	9.7	15.4	16.9	14.6	1.6	0.2	2	0.4	1	0.6	-5.9	-7.3	-4.9	2	1.2	2.7			70605	114382	199598	258473	317396	327989	44624	42939	51669	51945	45538	43355	41585	38788	37960	67400	70210	63222	58435	53632	51778	52071	47899	40958	40813	39351	64095	39791	30436	30656	5.6	5.4	6.5	6.6	5.8	5.5	5.2	4.8	4.7	8.3	8.7	7.8	7.2	6.7	6.5	6.6	6.1	5.2	5.1	5	8.2	5.1	3.9	3.9			
55000	WI	Wisconsin					15554	60034	60702	59839	548970	779273	1003213	1333128	5893718	2985643	3017681	3016760	3045298	3034621	3029662	3066266	3087598	3098931	3112494	3082935	3072157	3070033	3077801	3077981	3084207	3110466	3141757	3123898	3117744	3100674	3106511	3094981	3133909	14171	61983	63601	58692	13	-19290	7392	5648	5893713		2884737	2884305	2856234	2873956	2883573	2885671	2923575	2938876	2945874	2833292	2820620	2839987	2857150	2871988	2913764	2947048	2988744	3039348	3030659	3017904	2900956	2986636	3004778	3038960	227343	401076	151195	125797	137002	137061	151269	811048	1093496	1147697	1201813	1258948	1207407	215	3189	7906	13653	1060531	822293	662072	518417	374135	269431	74671	100	71050		1383	-1949	-2899	1147	228	-16101	15298	19301	2987	-16722	10565	20412	5896700	5879978	5890543	5910955	9.8	14.8	9.9	14.4	23.8	28.1	30.62910182	30.95199189	37.1	34.6	33.12767364	29.66905946	21.4	14.9	9.844903982	6.620604617	17.7	22.4	26.39832055	32.75834404	34.8	40.4	45.5	30.4	1376	1328	-1834	-36	10.2	10.3	10.1	10.5	10.8	9.9	-3.3	1.3	1	0.5	1.3	2.3	-0.3	-0.5	0.2	-2.7	2.6	3.3			230874	388523	735487	976375	1163995	1259617	100906	133376	160526	171342	151048	143991	142691	148722	153057	279202	262315	232170	212883	205813	164217	137159	121722	102409	93239	99840	199718	119875	90203	94949	3.4	4.4	5.3	5.6	5	4.8	4.7	4.8	4.9	9	8.5	7.6	6.9	6.7	5.3	4.4	3.9	3.3	3	3.2	6.4	3.9	2.9	3			
56000	WY	Wyoming					1584	6164	6046	5882	52195	69162	90031	118336	576851	265701	268393	269405	272804	274736	279083	284826	290748	296620	299893	301893	302932	303748	302201	302865	301608	300546	293802	292629	293997	293606	288769	292664	295207	1290	6176	6754	5779	436	1764	2475	2016	576850		255726	258172	258571	260995	264187	269172	276310	283072	287909	281123	280953	284273	287110	287792	289694	288894	284439	281164	280754	283071	276367	275633	282615	286669	20693	43767	13285	13476	13908	13910	13290	63630	102042	92081	97779	113353	109885	18	134	364	322	65252	56353	47113	38317	29387	23502	73558	100	71275		294	-12	-708	103	454	1898	2839	2338	814	1884	2081	2428	577664	579548	581629	584057	11.8	17.2	14.8	20.8	31.1	35	37.27472137	36.35386747	33.2	31	30.54546532	27.78353696	17	12.1	7.918975144	5.942291355	18.8	21.9	24.26083817	29.92030422	36.2	40	37.1	22.1	66	-2	-50	-13	10.7	10.4	10.1	10.7	11.6	9.9	3	4.3	3.5	0.2	0.6	0.6	0	-1.2	0.2	3.3	4.9	4			26074	52987	86380	110405	138325	143781	9975	10221	10834	11809	10549	9911	8516	7676	8711	18770	20940	18659	16638	14409	13171	12714	16107	12638	11875	10926	17239	13136	10049	8538	3.8	3.8	4	4.3	3.8	3.6	3	2.6	2.9	6.3	6.9	6.2	5.5	4.8	4.3	4.2	5.4	4.3	4.1	3.7	5.9	4.5	3.4	2.9			
72000	PR	Puerto Rico									278482	418253	548830	702653	3285874	1291993	1273405	1321370	1345782	1347047	1378062	1419874	1387359	1345923	1301263	1268664	1220238	1194283	1166320	1132093	1120014	1116292	1096541	1081692	1090852		1171949	1187414	1197463									3285874		1161033	1128704	1159455	1184589	1204535	1221818	1270693	1232266	1187398	1101862	1061047	1025558	1021387	999531	974865	985873	984879	977599	982167	1000363		1079112	1115938	1127126		147920							332770	410559	509856	627608	670172						954011	982008	916404	739786	472462																	3281557	3262693	3220113	3205691		9.4		9.1	14.4	19.4	21.49756614	23.49759376	21	22.3	25.71137587	27.78417156	50.3	40	30.3070004	19.58745705	14.3	18.3	22.48405759	29.13077762		21.1		60.5																										142981	281248	443813	524750	566777	130960	144701	161915	161193	142512	156244	149181	155093	158525	199401	207617	194680	172896	166789	157228	134141	131413	118942	99525	90489		92837	71476	70337	10.1	11.4	12.3	12	10.6	11.3	10.5	11.2	11.8	15.3	16.4	16	14.5	14.3	13.9	12	11.8	10.8	9.2	8.3		7.9	6	5.9			
