FIPS_Code,State,Area_Name,"Less than a high school diploma, 1970","High school diploma only, 1970","Some college (1-3 years), 1970","Four years of college or higher, 1970","Percent of adults with less than a high school diploma, 1970","Percent of adults with a high school diploma only, 1970","Percent of adults completing some college (1-3 years), 1970","Percent of adults completing four years of college or higher, 1970","Less than a high school diploma, 1980","High school diploma only, 1980","Some college (1-3 years), 1980","Four years of college or higher, 1980","Percent of adults with less than a high school diploma, 1980","Percent of adults with a high school diploma only, 1980","Percent of adults completing some college (1-3 years), 1980","Percent of adults completing four years of college or higher, 1980","Less than high school graduate, 1990","High school graduate (or equivalency), 1990","Some college or associate degree, 1990","Bachelor's degree or higher, 1990","Percent of adults who are not high school graduates, 1990","Percent of adults who are high school graduates (or equivalent), 1990","Percent of adults completing some college or associate degree, 1990","Percent of adults with a bachelor's degree or higher, 1990","Less than high school graduate, 2000","High school graduate (or equivalency), 2000","Some college or associate degree, 2000","Bachelor's degree or higher, 2000","Percent of adults who are not high school graduates, 2000","Percent of adults who are high school graduates (or equivalent), 2000","Percent of adults completing some college or associate degree, 2000","Percent of adults with a bachelor's degree or higher, 2000","Less than high school graduate, 2008-2012","High school graduate (or equivalency), 2008-2012","Some college or associate degree, 2008-2012","Bachelor's degree or higher, 2008-2012","Percent of adults who are not high school graduates, 2008-2012","Percent of adults who are high school graduates (or equivalent), 2008-2012","Percent of adults completing some college or associate degree, 2008-2012","Percent of adults with a bachelor's degree or higher, 2008-2012","Less than high school graduate, 2019-2023","High school graduate (or equivalency), 2019-2023","Some college or associate degree, 2019-2023","Bachelor's degree or higher, 2019-2023","Percent of adults who are not high school graduates, 2019-2023","Percent of adults who are high school graduates (or equivalent), 2019-2023","Percent of adults completing some college or associate degree, 2019-2023","Percent of adults with a bachelor's degree or higher, 2019-2023","Census Population, 2020","Population Estimates Base, 2020","Population Estimate, 2020","Population Estimate, 2021","Population Estimate, 2022","Population Estimate, 2023","Population Change, 2020","Population Change, 2021","Population Change, 2022","Population Change, 2023","Births, 2020","Births, 2021","Births, 2022","Births, 2023","Deaths, 2020","Deaths, 2021","Deaths, 2022","Deaths, 2023","Natural Change, 2020","Natural Change, 2021","Natural Change, 2022","Natural Change, 2023","International Migration, 2020","International Migration, 2021","International Migration, 2022","International Migration, 2023","Domestic Migration, 2020","Domestic Migration, 2021","Domestic Migration, 2022","Domestic Migration, 2023","Net Migration, 2020","Net Migration, 2021","Net Migration, 2022","Net Migration, 2023","Residual Population Change, 2020","Residual Population Change, 2021","Residual Population Change, 2022","Residual Population Change, 2023","Birth Rate, 2021","Birth Rate, 2022","Birth Rate, 2023","Death Rate, 2021","Death Rate, 2022","Death Rate, 2023","Natural Change Rate, 2021","Natural Change Rate, 2022","Natural Change Rate, 2023","International Migration Rate, 2021","International Migration Rate, 2022","International Migration Rate, 2023","Domestic Migration Rate, 2021","Domestic Migration Rate, 2022","Domestic Migration Rate, 2023","Net Migration Rate, 2021","Net Migration Rate, 2022","Net Migration Rate, 2023","Number in Poverty, All Ages, 2023","Poverty Rate, All Ages, 2023","Number in Poverty, Ages 0-17, 2023","Poverty Rate, Ages 0-17, 2023","Median Household Income, 2023","Median Household Income, Lower 90% Confidence Bound, 2023","Median Household Income, Upper 90% Confidence Bound, 2023","Civilian Labor Force, 2000","Employed, 2000","Unemployed, 2000","Unemployment Rate, 2000","Civilian Labor Force, 2001","Employed, 2001","Unemployed, 2001","Unemployment Rate, 2001","Civilian Labor Force, 2002","Employed, 2002","Unemployed, 2002","Unemployment Rate, 2002","Civilian Labor Force, 2003","Employed, 2003","Unemployed, 2003","Unemployment Rate, 2003","Civilian Labor Force, 2004","Employed, 2004","Unemployed, 2004","Unemployment Rate, 2004","Civilian Labor Force, 2005","Employed, 2005","Unemployed, 2005","Unemployment Rate, 2005","Civilian Labor Force, 2006","Employed, 2006","Unemployed, 2006","Unemployment Rate, 2006","Civilian Labor Force, 2007","Employed, 2007","Unemployed, 2007","Unemployment Rate, 2007","Civilian Labor Force, 2008","Employed, 2008","Unemployed, 2008","Unemployment Rate, 2008","Civilian Labor Force, 2009","Employed, 2009","Unemployed, 2009","Unemployment Rate, 2009","Civilian Labor Force, 2010","Employed, 2010","Unemployed, 2010","Unemployment Rate, 2010","Civilian Labor Force, 2011","Employed, 2011","Unemployed, 2011","Unemployment Rate, 2011","Civilian Labor Force, 2012","Employed, 2012","Unemployed, 2012","Unemployment Rate, 2012","Civilian Labor Force, 2013","Employed, 2013","Unemployed, 2013","Unemployment Rate, 2013","Civilian Labor Force, 2014","Employed, 2014","Unemployed, 2014","Unemployment Rate, 2014","Civilian Labor Force, 2015","Employed, 2015","Unemployed, 2015","Unemployment Rate, 2015","Civilian Labor Force, 2016","Employed, 2016","Unemployed, 2016","Unemployment Rate, 2016","Civilian Labor Force, 2017","Employed, 2017","Unemployed, 2017","Unemployment Rate, 2017","Civilian Labor Force, 2018","Employed, 2018","Unemployed, 2018","Unemployment Rate, 2018","Civilian Labor Force, 2019","Employed, 2019","Unemployed, 2019","Unemployment Rate, 2019","Civilian Labor Force, 2020","Employed, 2020","Unemployed, 2020","Unemployment Rate, 2020","Civilian Labor Force, 2021","Employed, 2021","Unemployed, 2021","Unemployment Rate, 2021","Civilian Labor Force, 2022","Employed, 2022","Unemployed, 2022","Unemployment Rate, 2022","Civilian Labor Force, 2023","Employed, 2023","Unemployed, 2023","Unemployment Rate, 2023","Median Household Income, 2022","Median Household Income, Percent of State Total, 2022"
01000,AL,Alabama,1062306,468269,136287,141936,58.7,25.9,7.5,7.8,964840,704207,278205,270063,43.5,31.8,12.5,12.2,843638,749591,553512,399228,33.1,29.4,21.7,15.7,714081,877216,746495,549608,24.7,30.4,25.9,19,551030,991406,918987,705001,17.40228093,31.30995723,29.02286617,22.26489567,409381,1046374,1035466,957081,11.87195901,30.34461599,30.02828639,27.75513862,5024279,5024294,5031864,5050380,5073903,5108468,7570,18516,23523,34565,13867,57184,58106,58251,15165,69135,67208,59813,-1298,-11951,-9102,-1562,125,1806,4374,5384,9615,27715,28464,30744,9740,29521,32838,36128,-872,946,-213,-1,11.3,11.5,11.4,13.7,13.3,11.7,-2.4,-1.8,-0.3,0.4,0.9,1.1,5.5,5.6,6,5.9,6.5,7.1,780043,15.7,236320,21.3,62248,61546,62950,2147173,2047731,99442,4.6,2128027,2017467,110560,5.2,2112621,1987633,124988,5.9,2128668,2001568,127100,6,2138306,2018783,119523,5.6,2140356,2045234,95122,4.4,2170007,2083207,86800,4,2180448,2092030,88418,4.1,2176854,2049579,127275,5.8,2156593,1938784,217809,10.1,2197028,1968824,228204,10.4,2202337,1991379,210958,9.6,2178508,2000848,177660,8.2,2172102,2012828,159274,7.3,2164715,2018705,146010,6.7,2152295,2020443,131852,6.1,2155729,2029157,126572,5.9,2203458,2103873,99585,4.5,2240109,2152270,87839,3.9,2271835,2199379,72456,3.2,2263144,2118600,144544,6.4,2249514,2173978,75536,3.4,2276362,2218627,57735,2.5,2308131,2250472,57659,2.5,59703,100
02000,AK,Alaska,44994,50820,20052,19082,33.3,37.7,14.9,14.1,36941,82180,47722,44554,17.5,38.9,22.6,21.1,43244,92925,112763,74497,13.4,28.7,34.9,23,44282,105812,135655,93807,11.7,27.9,35.7,24.7,37652,121272,165651,122968,8.413046344,27.09728451,37.01342664,27.47624251,31854,141206,162411,152432,6.528756741,28.94140844,33.28755921,31.24227562,733391,733374,732964,734923,733276,733406,-410,1959,-1647,130,2406,9453,9356,9266,1171,5330,6340,5581,1235,4123,3016,3685,63,873,2356,2004,-1663,-2948,-7202,-5543,-1600,-2075,-4846,-3539,-45,-89,183,-16,12.9,12.7,12.6,7.3,8.6,7.6,5.6,4.1,5,1.2,3.2,2.7,-4,-9.8,-7.6,-2.8,-6.6,-4.8,75594,10.5,21568,12.5,88696,86365,91027,319777,299590,20187,6.3,321652,301422,20230,6.3,327054,303560,23494,7.2,332494,306964,25530,7.7,337469,312394,25075,7.4,344157,320273,23884,6.9,348756,325672,23084,6.6,350233,328309,21924,6.3,355298,332364,22934,6.5,359379,330718,28661,8,361707,332185,29522,8.2,364599,336312,28287,7.8,364153,337834,26319,7.2,363544,338104,25440,7,364281,339704,24577,6.7,362425,339604,22821,6.3,362017,338193,23824,6.6,360589,337108,23481,6.5,355499,334068,21431,6,352029,332197,19832,5.6,346552,317678,28874,8.3,351520,329147,22373,6.4,353692,338729,14963,4.2,357094,342005,15089,4.2,88072,100
04000,AZ,Arizona,383873,289781,127063,115020,41.9,31.6,13.9,12.6,430974,535096,321361,271460,27.6,34.3,20.6,17.4,491080,601440,741784,466873,21.3,26.1,32.2,20.3,619547,791904,1078521,766212,19,24.3,33.1,23.5,604136,1012503,1428213,1105103,14.55765183,24.39792721,34.41514426,26.6292767,544528,1171693,1646950,1627462,10.91100067,23.47784339,33.00082374,32.6103322,7151502,7157902,7186683,7272487,7365684,7431344,28781,85804,93197,65660,18110,75693,79137,78494,18025,80276,79807,70792,85,-4583,-670,7702,253,8010,22296,21635,29980,82290,69798,36179,30233,90300,92094,57814,-1537,87,1773,144,10.5,10.8,10.6,11.1,10.9,9.6,-0.6,-0.1,1,1.1,3,2.9,11.4,9.5,4.9,12.5,12.6,7.8,917925,12.6,246285,15.8,77158,76244,78072,2510611,2410825,99786,4,2593664,2470816,122848,4.7,2683502,2518051,165451,6.2,2728649,2571097,157552,5.8,2788618,2649564,139054,5,2862517,2729018,133499,4.7,2970679,2843054,127625,4.3,3018805,2905144,113661,3.8,3095993,2916698,179295,5.8,3128891,2826426,302465,9.7,3096316,2777404,318912,10.3,3051937,2763761,288176,9.4,3054343,2799634,254709,8.3,3064554,2825341,239213,7.8,3118441,2906193,212248,6.8,3184445,2990545,193900,6.1,3253468,3075851,177617,5.5,3240111,3079700,160411,5,3325721,3166013,159708,4.8,3432400,3267548,164852,4.8,3471339,3200219,271120,7.8,3525449,3347264,178185,5.1,3599531,3462671,136860,3.8,3690974,3546508,144466,3.9,74355,100
05000,AR,Arkansas,635149,271150,80835,70378,60.1,25.6,7.6,6.7,595637,443429,153375,144677,44.5,33.2,11.5,10.8,503481,489570,303795,199304,33.7,32.7,20.3,13.3,427449,590416,424907,288428,24.7,34.1,24.5,16.7,320693,674742,545270,380334,16.69372668,35.1238054,28.38411922,19.79834871,233857,702778,593923,513221,11.44238198,34.3862032,29.06004025,25.11137457,3011524,3011490,3014348,3028443,3046404,3067732,2858,14095,17961,21328,8509,34927,36298,35566,8475,40180,40362,36473,34,-5253,-4064,-907,94,1346,3215,4096,2537,17806,18841,18106,2631,19152,22056,22202,193,196,-31,33,11.6,12,11.6,13.3,13.3,11.9,-1.7,-1.3,-0.3,0.4,1.1,1.3,5.9,6.2,5.9,6.3,7.3,7.3,459700,15.4,140145,20.2,58748,57628,59868,1260507,1207833,52674,4.2,1261419,1201314,60105,4.8,1276964,1209006,67958,5.3,1282578,1208583,73995,5.8,1302378,1229546,72832,5.6,1333880,1263663,70217,5.3,1346532,1276000,70532,5.2,1350811,1277902,72909,5.4,1357716,1284175,73541,5.4,1353340,1248691,104649,7.7,1353635,1247059,106576,7.9,1357819,1250431,107388,7.9,1349888,1251883,98005,7.3,1331609,1237609,94000,7.1,1327959,1249766,78193,5.9,1339301,1272785,66516,5,1343891,1290430,53461,4,1348088,1297854,50234,3.7,1343862,1294809,49053,3.7,1353175,1305858,47317,3.5,1340557,1257949,82608,6.2,1330676,1276933,53743,4,1359540,1315886,43654,3.2,1377657,1332876,44781,3.3,55505,100
06000,CA,California,4062367,3566578,1784772,1462266,37.4,32.8,16.4,13.4,3724736,4415732,3150653,2752865,26.5,31.4,22.4,19.6,4450528,4167897,5710400,4366674,23.8,22.3,30.5,23.4,4942743,4288452,6397739,5669966,23.2,20.1,30,26.6,4577493,4988559,7206710,7344555,18.98010877,20.6845521,29.88188943,30.45344969,4149146,5496195,7461496,9834361,15.40074795,20.4007075,27.69548704,36.50305751,39538223,39538212,39503200,39145060,39040616,38965193,-35012,-358140,-104444,-75423,103133,412506,423922,414120,74587,345181,318145,302704,28546,67325,105777,111416,1383,44116,126517,150982,-67932,-458862,-332785,-338371,-66549,-414746,-206268,-187389,2991,-10719,-3953,550,10.5,10.8,10.6,8.8,8.1,7.8,1.7,2.7,2.9,1.1,3.2,3.9,-11.7,-8.5,-8.7,-10.5,-5.3,-4.8,4597732,12,1242302,15,95473,94866,96080,16837536,16011619,825917,4.9,17096428,16160509,935919,5.5,17246528,16081472,1165056,6.8,17271899,16081515,1190384,6.9,17374506,16293555,1080951,6.2,17537931,16593622,944309,5.4,17661179,16797845,863334,4.9,17910726,16955400,955326,5.3,18179907,16856082,1323825,7.3,18305953,16193122,2112831,11.5,18370536,16078454,2292082,12.5,18406756,16220602,2186154,11.9,18484881,16541039,1943842,10.5,18565408,16887864,1677544,9,18676692,17264518,1412174,7.6,18824141,17647409,1176732,6.3,19012017,17965407,1046610,5.5,19185366,18258064,927302,4.8,19289505,18469910,819595,4.2,19385262,18589551,795711,4.1,18958604,17037036,1921568,10.1,18956575,17568743,1387832,7.3,19169341,18348916,820425,4.3,19308287,18388329,919958,4.8,91517,100
08000,CO,Colorado,411837,392787,166188,170326,36.1,34.4,14.6,14.9,355405,575365,351108,382013,21.4,34.6,21.1,23,328056,558312,652448,568256,15.6,26.5,31,27,363039,644360,861478,907755,13.1,23.2,31,32.7,335459,744320,1028184,1220906,10.07726648,22.35954614,30.88688681,36.67630057,292446,811023,1128710,1806355,7.241390069,20.08211396,27.94850805,44.72798793,5773714,5773707,5785219,5811596,5841039,5877610,11512,26377,29443,36571,15593,62137,62682,62498,11914,46481,49599,45099,3679,15656,13083,17399,244,3913,10413,11931,7169,5404,6772,7236,7413,9317,17185,19167,420,1404,-825,5,10.7,10.8,10.7,8,8.5,7.7,2.7,2.2,3,0.7,1.8,2,0.9,1.2,1.2,1.6,2.9,3.3,538673,9.4,129751,10.9,92790,91759,93821,2358371,2294104,64267,2.7,2396012,2304547,91465,3.8,2448903,2309639,139264,5.7,2490397,2338432,151965,6.1,2539389,2397588,141801,5.6,2572382,2442134,130248,5.1,2640452,2528550,111902,4.2,2687742,2588340,99402,3.7,2734398,2601712,132686,4.9,2730604,2515483,215121,7.9,2715723,2466996,248727,9.2,2730262,2493472,236790,8.7,2749192,2529785,219407,8,2766140,2579568,186572,6.7,2800666,2661070,139596,5,2825761,2719997,105764,3.7,2894157,2803504,90653,3.1,2963790,2885980,77810,2.6,3054347,2961423,92924,3,3104684,3022060,82624,2.7,3082228,2873752,208476,6.8,3149673,2977479,172194,5.5,3186932,3089081,97851,3.1,3230482,3128115,102367,3.2,89096,100
09000,CT,Connecticut,740830,534830,179635,230303,44,31.7,10.7,13.7,563760,653884,289956,392564,29.7,34.4,15.3,20.7,457208,648366,495696,597693,20.8,29.5,22.5,27.2,367656,653300,553667,720994,16,28.5,24.1,31.4,268454,677253,606544,879089,11.04140104,27.85513338,24.94690171,36.15656387,219549,647094,603807,1062403,8.668051403,25.54802825,23.83900684,41.9449135,3605944,3605912,3577586,3603691,3608706,3617176,-28326,26105,5015,8470,8465,33942,35572,34957,11938,34571,34833,32842,-3473,-629,739,2115,410,6217,15562,15264,-21420,19032,-10081,-9016,-21010,25249,5481,6248,-3843,1485,-1205,107,9.5,9.9,9.7,9.6,9.7,9.1,-0.2,0.2,0.6,1.7,4.3,4.2,5.3,-2.8,-2.5,7,1.5,1.7,359550,10.2,92619,13,91477,90074,92880,1760697,1723597,37100,2.1,1749195,1698594,50601,2.9,1776064,1697788,78276,4.4,1785737,1688380,97357,5.5,1777510,1687121,90389,5.1,1794301,1707935,86366,4.8,1831083,1750385,80698,4.4,1856008,1773047,82961,4.5,1878120,1772393,105727,5.6,1888374,1731361,157013,8.3,1911289,1728121,183168,9.6,1914449,1741971,172478,9,1887545,1729687,157858,8.4,1867378,1718834,148544,8,1889102,1764118,124984,6.6,1892087,1785788,106299,5.6,1893200,1801390,91810,4.8,1923711,1838833,84878,4.4,1923872,1849370,74502,3.9,1931826,1862314,69512,3.6,1874247,1724812,149435,8,1842166,1724540,117626,6.4,1912008,1833670,78338,4.1,1893200,1822088,71112,3.8,88182,100
10000,DE,Delaware,130463,91211,28091,37630,45.4,31.7,9.8,13.1,108063,124798,51590,60206,31.4,36.2,15,17.5,96472,140030,100275,91722,22.5,32.7,23.4,21.4,89536,161760,134445,128917,17.4,31.4,26.1,25,74349,190866,166032,172084,12.32308633,31.63537097,27.51922245,28.52232025,61144,206192,192480,250626,8.606473153,29.02305888,27.09299281,35.27747515,989948,989946,991862,1004881,1019459,1031890,1916,13019,14578,12431,2579,10174,10883,10725,2959,11228,11488,10897,-380,-1054,-605,-172,62,939,2378,2277,2195,13284,12669,10320,2257,14223,15047,12597,39,-150,136,6,10.2,10.8,10.5,11.2,11.3,10.6,-1.1,-0.6,-0.2,0.9,2.3,2.2,13.3,12.5,10.1,14.2,14.9,12.3,109203,10.8,32159,15.4,81615,80048,83182,412956,398188,14768,3.6,421563,406517,15046,3.6,417207,399417,17790,4.3,415890,397310,18580,4.5,421093,402992,18101,4.3,433375,413828,19547,4.5,443228,425995,17233,3.9,445306,429203,16103,3.6,450265,427694,22571,5,438383,401718,36665,8.4,436196,398388,37808,8.7,443971,410229,33742,7.6,445962,414489,31473,7.1,443551,414215,29336,6.6,452712,427400,25312,5.6,462752,440555,22197,4.8,468808,447640,21168,4.5,475214,453949,21265,4.5,480371,462545,17826,3.7,485873,468539,17334,3.6,486701,450325,36376,7.5,493627,466623,27004,5.5,497202,475995,21207,4.3,506529,486404,20125,4,81933,100
11000,DC,District of Columbia,189720,110767,47331,75233,44.8,26.2,11.2,17.8,131277,101817,56081,109478,32.9,25.5,14.1,27.5,109866,86756,76224,136285,26.9,21.2,18.6,33.3,85249,79169,69880,150237,22.2,20.6,18.2,39.1,52036,79574,72073,213749,12.46574292,19.06274555,17.26580617,51.20570536,34651,70322,71527,307906,7.153297028,14.51716122,14.7659195,63.56362225,689545,689548,670839,669037,670949,678972,-18709,-1802,1912,8023,2187,8508,8399,7627,2004,5837,5572,5020,183,2671,2827,2607,50,1745,4527,6969,-15475,-6551,-4917,-1509,-15425,-4806,-390,5460,-3467,333,-525,-44,12.7,12.5,11.3,8.7,8.3,7.4,4,4.2,3.9,2.6,6.8,10.3,-9.8,-7.3,-2.2,-7.2,-0.6,8.1,98811,15.2,25956,20.7,104643,100688,108598,309977,292299,17678,5.7,311232,291080,20152,6.5,308760,287196,21564,7,308454,285997,22457,7.3,313735,288323,25412,8.1,318130,295907,22223,7,320581,300323,20258,6.3,326557,307071,19486,6,334487,311588,22899,6.8,338113,304277,33836,10,346707,312132,34575,10,352193,316372,35821,10.2,365176,332412,32764,9,374199,342609,31590,8.4,379678,350415,29263,7.7,388446,361556,26890,6.9,395124,370553,24571,6.2,393326,369388,23938,6.1,395604,373202,22402,5.7,400641,378443,22198,5.5,386235,355694,30541,7.9,377737,352029,25708,6.8,388387,369952,18435,4.7,398251,378714,19537,4.9,99897,100
12000,FL,Florida,1882537,1219216,458864,407264,47.4,30.7,11.6,10.3,2082948,2189572,1047471,930134,33.3,35,16.8,14.9,2271074,2679285,2312404,1624405,25.6,30.1,26,18.3,2219948,3165748,3176621,2462328,20.1,28.7,28.8,22.3,1860966,3915878,3915609,3435171,14.17595446,29.82929737,29.82724825,26.16749992,1643437,4346402,4596529,5263931,10.3684921,27.42157735,28.99963591,33.21029464,21538187,21538216,21591299,21830708,22245521,22610726,53083,239409,414813,365205,50294,207942,222003,223578,56383,250389,260220,231181,-6089,-42447,-38217,-7603,2840,46865,121233,178432,61782,244619,317923,194438,64622,291484,439156,372870,-5450,-9628,13874,-62,9.6,10.1,10,11.5,11.8,10.3,-2,-1.7,-0.3,2.2,5.5,8,11.3,14.4,8.7,13.4,19.9,16.6,2741486,12.4,689967,16,73283,72710,73856,7917857,7620683,297174,3.8,8048882,7692124,356758,4.4,8050051,7651923,398128,4.9,8123135,7760904,362231,4.5,8347316,8033591,313725,3.8,8647279,8400346,246933,2.9,8927098,8707158,219940,2.5,9113604,8813449,300155,3.3,9156458,8636212,520246,5.7,8987789,8127251,860538,9.6,9147107,8155401,991706,10.8,9260348,8334119,926229,10,9335727,8529063,806664,8.6,9414664,8706060,708604,7.5,9546407,8931440,614967,6.4,9639737,9106772,532965,5.5,9841301,9360237,481064,4.9,9972990,9544892,428098,4.3,10118306,9749598,368708,3.6,10256297,9922941,333356,3.3,10077028,9257738,819290,8.1,10320373,9838506,481867,4.7,10692183,10370751,321432,3,10988566,10668886,319680,2.9,69287,100
13000,GA,Georgia,1399175,528537,211101,216997,59.4,22.4,9,9.2,1344821,878923,411517,450267,43.6,28.5,13.3,14.6,1169815,1192935,883512,777158,29.1,29.6,22,19.3,1111349,1486006,1328432,1260178,21.4,28.7,25.6,24.3,972291,1805733,1731313,1733171,15.57532646,28.92640266,27.7342536,27.76401728,801324,1950698,2020131,2480907,11.04808178,26.89482784,27.85212035,34.20497004,10711908,10713771,10732390,10790385,10913150,11029227,18619,57995,122765,116077,29847,121276,125599,125664,24771,109501,110380,97847,5076,11775,15219,27817,730,10161,27010,30119,11606,35341,80599,58206,12336,45502,107609,88325,1207,718,-63,-65,11.3,11.6,11.5,10.2,10.2,8.9,1.1,1.4,2.5,0.9,2.5,2.7,3.3,7.4,5.3,4.2,9.9,8.1,1477354,13.7,469680,18.8,74521,73701,75341,4202695,4055366,147329,3.5,4257901,4083528,174373,4.1,4341617,4111627,229990,5.3,4414282,4187003,227279,5.1,4464780,4236301,228479,5.1,4598159,4336264,261895,5.7,4713863,4474820,239043,5.1,4810264,4573302,236962,4.9,4863225,4534790,328435,6.8,4792150,4292830,499320,10.4,4709781,4207266,502515,10.7,4739281,4258833,480448,10.1,4770618,4339369,431249,9,4750046,4363292,386754,8.1,4745859,4407067,338792,7.1,4734088,4446515,287573,6.1,4921814,4653740,268074,5.4,5107889,4864813,243076,4.8,5126923,4922489,204434,4,5165423,4980501,184922,3.6,5082864,4754102,328762,6.5,5156388,4954094,202294,3.9,5222263,5058165,164098,3.1,5305623,5135833,169790,3.2,72742,100
15000,HI,Hawaii,146701,138307,46088,53747,38.1,35.9,12,14,143338,192042,100813,111415,26.2,35.1,18.4,20.3,141506,203893,201997,162424,19.9,28.7,28.5,22.9,123811,228832,239793,210041,15.4,28.5,29.9,26.2,90416,263569,299356,274791,9.741717773,28.39779256,32.25360186,29.60688781,72950,273812,316191,364398,7.100786391,26.65223473,30.7773098,35.46966908,1455271,1455274,1451181,1446745,1439399,1435138,-4093,-4436,-7346,-4261,3836,15528,15746,15167,2843,12152,13375,12812,993,3376,2371,2355,119,2043,5917,4627,-4831,-9982,-15664,-11193,-4712,-7939,-9747,-6566,-374,127,30,-50,10.7,10.9,10.6,8.4,9.3,8.9,2.3,1.6,1.6,1.4,4.1,3.2,-6.9,-10.9,-7.8,-5.5,-6.8,-4.6,143193,10.2,33698,11.8,96716,94413,99019,605395,579736,25659,4.2,607556,581379,26177,4.3,601786,577616,24170,4,603936,580352,23584,3.9,611752,591594,20158,3.3,625530,607853,17677,2.8,635415,619362,16053,2.5,636710,619224,17486,2.7,641526,615767,25759,4,631970,589798,42172,6.7,648549,604210,44339,6.8,660634,615470,45164,6.8,650415,611985,38430,5.9,650978,620005,30973,4.8,664014,635913,28101,4.2,670594,647616,22978,3.4,679121,659557,19564,2.9,695303,679865,15438,2.2,692457,675849,16608,2.4,686066,668769,17297,2.5,665964,588159,77805,11.7,670193,630151,40042,6,672727,650672,22055,3.3,676355,656336,20019,3,93683,100
16000,ID,Idaho,149531,127462,55171,36748,40.5,34.6,15,10,135181,187912,109859,81413,26.3,36.5,21.4,15.8,121787,182892,190478,106135,20.3,30.4,31.7,17.7,120361,224322,272207,170615,15.3,28.5,34.6,21.7,112350,275678,354433,243711,11.39253599,27.95435279,35.94028222,24.712829,103570,322573,430144,388032,8.323428317,25.92365784,34.5686275,31.18428634,1839106,1839117,1849339,1904537,1938996,1964726,10222,55198,34459,25730,5467,21850,22418,22456,3629,17141,18938,16817,1838,4709,3480,5639,58,698,1779,4664,8814,51524,28586,15389,8872,52222,30365,20053,-488,-1733,614,38,11.6,11.7,11.5,9.1,9.9,8.6,2.5,1.8,2.9,0.4,0.9,2.4,27.5,14.9,7.9,27.8,15.8,10.3,193938,10.1,52105,11.3,74859,73766,75952,661066,630228,30838,4.7,678281,643913,34368,5.1,685650,647019,38631,5.6,691702,653299,38403,5.6,702872,668638,34234,4.9,730354,701400,28954,4,744475,718848,25627,3.4,755287,732155,23132,3.1,759676,721828,37848,5,763633,696832,66801,8.7,762147,695265,66882,8.8,764205,701660,62545,8.2,772112,714969,57143,7.4,777606,724545,53061,6.8,776937,742805,34132,4.4,795014,764121,30893,3.9,812921,783180,29741,3.7,839776,812875,26901,3.2,862434,837767,24667,2.9,888611,862940,25671,2.9,899807,850130,49677,5.5,921718,888950,32768,3.6,944919,918106,26813,2.8,961506,931748,29758,3.1,72634,100
17000,IL,Illinois,2885938,1944720,630845,627825,47.4,31.9,10.4,10.3,2237240,2343719,1015515,1082285,33.5,35.1,15.2,16.2,1735789,2187342,1835803,1534996,23.8,30,25.2,21,1480443,2212291,2202888,2078049,18.6,27.7,27.6,26.1,1102449,2301245,2426909,2629344,13.0313937,27.20164795,28.68704733,31.07991102,851323,2207546,2430244,3249494,9.742090473,25.2619897,27.81042791,37.18549192,12812508,12813469,12790357,12690341,12582515,12549689,-23112,-100016,-107826,-32826,33452,131888,129614,127235,35296,128385,127064,116782,-1844,3503,2550,10453,504,11447,31224,40492,-22545,-115656,-142403,-83839,-22041,-104209,-111179,-43347,773,690,803,68,10.4,10.3,10.1,10.1,10.1,9.3,0.3,0.2,0.8,0.9,2.5,3.2,-9.1,-11.3,-6.7,-8.2,-8.8,-3.4,1424894,11.6,390309,14.7,80346,79717,80975,6494429,6206060,288369,4.4,6454092,6103092,351000,5.4,6341891,5925990,415901,6.6,6310520,5885134,425386,6.7,6348716,5955739,392977,6.2,6410767,6044685,366082,5.7,6515687,6217917,297770,4.6,6639198,6301409,337789,5.1,6652942,6222179,430763,6.5,6601620,5928539,673081,10.2,6612433,5918202,694231,10.5,6567531,5925787,641744,9.8,6583689,5989454,594235,9,6556593,5961201,595392,9.1,6516372,6049059,467313,7.2,6511797,6119934,391863,6,6559038,6172672,386366,5.9,6562291,6237933,324358,4.9,6557416,6270844,286572,4.4,6543691,6283464,260227,4,6321066,5735263,585803,9.3,6327675,5942191,385484,6.1,6421708,6127480,294228,4.6,6437855,6150672,287183,4.5,76744,100
18000,IN,Indiana,1292237,991710,233791,228676,47.1,36.1,8.5,8.3,1054286,1309020,379876,392590,33.6,41.7,12.1,12.5,850014,1333093,763422,542941,24.4,38.2,21.9,15.6,695540,1447734,994391,755613,17.9,37.2,25.5,19.4,549930,1498095,1209106,972007,13.00335908,35.42317607,28.58989231,22.98357254,445651,1496214,1304353,1313086,9.774540149,32.81671939,28.60859903,28.80014143,6785528,6785442,6789098,6813798,6832274,6862199,3656,24700,18476,29925,19436,77712,80234,79587,19149,77868,79739,72079,287,-156,495,7508,342,6065,15475,17869,1596,16132,5011,4599,1938,22197,20486,22468,1431,2659,-2505,-51,11.4,11.8,11.6,11.4,11.7,10.5,0,0.1,1.1,0.9,2.3,2.6,2.4,0.7,0.7,3.3,3,3.3,815808,12.2,234986,15.1,69458,68663,70253,3125304,3030889,94415,3,3143985,3010490,133495,4.2,3161709,2997963,163746,5.2,3178568,3011507,167061,5.3,3165247,2993991,171256,5.4,3202215,3029258,172957,5.4,3235980,3075761,160219,5,3202589,3054548,148041,4.6,3244790,3053593,191197,5.9,3216535,2880173,336362,10.5,3175885,2854843,321042,10.1,3189011,2904397,284614,8.9,3172556,2911925,260631,8.2,3193683,2953672,240011,7.5,3228524,3036685,191839,5.9,3266392,3109791,156601,4.8,3331821,3186420,145401,4.4,3333693,3217049,116644,3.5,3392579,3276805,115774,3.4,3399870,3287462,112408,3.3,3328778,3086279,242499,7.3,3332745,3201829,130916,3.9,3373887,3270662,103225,3.1,3401387,3288017,113370,3.3,66768,100
19000,IA,Iowa,632366,596649,171454,140119,41,38.7,11.1,9.1,483956,729369,249722,237055,28.5,42.9,14.7,13.9,353800,684368,439238,299392,19.9,38.5,24.7,16.9,263436,683942,546388,402090,13.9,36.1,28.8,21.2,187633,666739,649313,509944,9.318151457,33.11131296,32.24591024,25.32462534,145119,649969,684769,660619,6.779753662,30.36562895,31.99143555,30.86318183,3190369,3190427,3190904,3197944,3199693,3207004,477,7040,1749,7311,9104,35887,36848,36898,8036,35499,35708,33119,1068,388,1140,3779,199,3701,9355,7112,-1270,1805,-7990,-3603,-1071,5506,1365,3509,480,1146,-756,23,11.2,11.5,11.5,11.1,11.2,10.3,0.1,0.4,1.2,1.2,2.9,2.2,0.6,-2.5,-1.1,1.7,0.4,1.1,344877,11.1,93466,13,71662,70557,72767,1594400,1551434,42966,2.7,1610634,1556923,53711,3.3,1629047,1564178,64869,4,1607931,1536505,71426,4.4,1607438,1534634,72804,4.5,1628510,1558522,69988,4.3,1655924,1595344,60580,3.7,1662155,1600507,61648,3.7,1682209,1612459,69750,4.1,1677059,1569561,107498,6.4,1674411,1571960,102451,6.1,1670056,1575767,94289,5.6,1660180,1576236,83944,5.1,1676565,1597139,79426,4.7,1698718,1626676,72042,4.2,1700549,1637467,63082,3.7,1703164,1642152,61012,3.6,1697495,1645660,51835,3.1,1711811,1667817,43994,2.6,1742078,1695474,46604,2.7,1668401,1582202,86199,5.2,1679982,1615303,64679,3.8,1706493,1658263,48230,2.8,1709402,1659106,50296,2.9,69708,100
20000,KS,Kansas,492098,438583,155828,139479,40.1,35.8,12.7,11.4,370235,543823,237617,236427,26.7,39.2,17.1,17,293272,514177,428110,330377,18.7,32.8,27.3,21.1,237799,507612,516818,438978,14,29.8,30.4,25.8,188859,511212,586634,551374,10.2748032,27.81229751,31.91560319,29.99729609,156595,495115,601919,679664,8.09991036,25.60993083,31.13439091,35.1557679,2937880,2937835,2938124,2937946,2936716,2940546,289,-178,-1230,3830,8510,34168,34547,34768,6984,32824,33274,30329,1526,1344,1273,4439,135,2069,5518,3932,-1920,-4975,-7004,-4574,-1785,-2906,-1486,-642,548,1384,-1017,33,11.6,11.8,11.8,11.2,11.3,10.3,0.5,0.4,1.5,0.7,1.9,1.3,-1.7,-2.4,-1.6,-1,-0.5,-0.2,319815,11.2,89475,13.1,70316,69173,71459,1402606,1349841,52765,3.8,1398521,1338775,59746,4.3,1419335,1347163,72172,5.1,1441065,1361115,79950,5.5,1458910,1378355,80555,5.5,1458767,1384654,74113,5.1,1467553,1402950,64603,4.4,1485414,1422109,63305,4.3,1493365,1425022,68343,4.6,1512572,1408142,104430,6.9,1500463,1396172,104291,7,1498000,1402198,95802,6.4,1490808,1405638,85170,5.7,1489395,1410470,78925,5.3,1494203,1426892,67311,4.5,1493782,1431533,62249,4.2,1491961,1431920,60041,4,1488346,1434516,53830,3.6,1493360,1443204,50156,3.4,1504415,1456662,47753,3.2,1501827,1414596,87231,5.8,1498226,1448294,49932,3.3,1502603,1463010,39593,2.6,1510988,1470936,40052,2.7,68827,100
21000,KY,Kentucky,1053196,412640,123919,123543,61.5,24.1,7.2,7.2,978135,653876,223542,231139,46.9,31.3,10.7,11.1,825857,741012,448837,318127,35.4,31.8,19.2,13.6,685000,888277,619651,453469,25.9,33.6,23.4,17.1,510196,988008,795165,608927,17.57904776,34.04228928,27.39779127,20.9808717,352966,1006715,887620,830856,11.46679653,32.70512193,28.83608601,26.99199553,4505836,4506297,4508155,4507600,4511563,4526154,1858,-555,3963,14591,12579,51364,52384,52380,12785,58401,61410,54385,-206,-7037,-9026,-2005,122,1757,4436,7627,1010,3216,9400,8965,1132,4973,13836,16592,932,1509,-847,4,11.4,11.6,11.6,13,13.6,12,-1.6,-2,-0.4,0.4,1,1.7,0.7,2.1,2,1.1,3.1,3.7,709405,16.1,201537,20.2,61099,60452,61746,1957400,1876232,81168,4.1,1953834,1852043,101791,5.2,1944682,1832250,112432,5.8,1965881,1844378,121503,6.2,1969935,1861750,108185,5.5,1991726,1874747,116979,5.9,2026144,1910580,115564,5.7,2035493,1925716,109777,5.4,2038225,1906275,131950,6.5,2064847,1842085,222762,10.8,2065023,1852302,212721,10.3,2061500,1868168,193332,9.4,2060084,1891109,168975,8.2,2055895,1892777,163118,7.9,2006518,1877551,128967,6.4,1979641,1876009,103632,5.2,2015645,1914479,101166,5,2053398,1955234,98164,4.8,2052877,1966186,86691,4.2,2064637,1979803,84834,4.1,2005210,1874863,130347,6.5,2010884,1921355,89529,4.5,2030274,1948312,81962,4,2026263,1941994,84269,4.2,59246,100
22000,LA,Louisiana,1046551,446400,153171,163792,57.8,24.7,8.5,9,965657,705808,292793,317223,42.3,30.9,12.8,13.9,803872,803328,520671,409123,31.7,31.7,20.5,16.1,699052,899354,657284,519778,25.2,32.4,23.7,18.7,523958,1008396,778029,629915,17.81989445,34.29570744,26.46088934,21.42350877,407400,1012121,864939,825794,13.09860867,32.54142588,27.80927217,26.55069329,4657757,4657785,4652022,4627047,4588023,4573749,-5763,-24975,-39024,-14274,13555,57028,56541,56209,14807,56872,56876,50094,-1252,156,-335,6115,193,3183,8225,9274,-5154,-28324,-47539,-29692,-4961,-25141,-39314,-20418,450,10,625,29,12.3,12.3,12.3,12.3,12.3,10.9,0,-0.1,1.3,0.7,1.8,2,-6.1,-10.3,-6.5,-5.4,-8.5,-4.5,839489,18.9,264541,25.2,58273,57163,59383,2026392,1921984,104408,5.2,2027220,1913555,113665,5.6,2013652,1892947,120705,6,2024914,1897902,127012,6.3,2030415,1914521,115894,5.7,2078215,1929492,148723,7.2,2001297,1919476,81821,4.1,2026793,1943648,83145,4.1,2064692,1968676,96016,4.7,2067873,1927200,140673,6.8,2084462,1927720,156742,7.5,2080525,1926038,154487,7.4,2089644,1948630,141014,6.7,2101974,1966755,135219,6.4,2141519,2007668,133851,6.3,2150050,2015081,134969,6.3,2123690,1994639,129051,6.1,2108485,2000487,107998,5.1,2109741,2007981,101760,4.8,2101749,2004115,97634,4.6,2052043,1875244,176799,8.6,2056137,1941271,114866,5.6,2068817,1993244,75573,3.7,2076760,2000152,76608,3.7,55458,100
23000,ME,Maine,243532,188886,60424,44981,45.3,35.1,11.2,8.4,207366,259964,99226,95284,31.3,39.3,15,14.4,168460,295074,182727,149352,21.2,37.1,23,18.8,127288,314600,229045,198960,14.6,36.2,26.3,22.9,88276,321100,272783,256465,9.404830901,34.20965158,29.06200992,27.3235076,56031,310243,291033,359323,5.511444675,30.51680552,28.62722918,35.34452062,1362359,1363177,1364517,1378787,1389338,1395722,1340,14270,10551,6384,2997,11590,12009,11945,3704,16116,17977,16998,-707,-4526,-5968,-5053,58,1012,2504,2209,1803,17938,13861,9216,1861,18950,16365,11425,186,-154,154,12,8.4,8.7,8.6,11.7,13,12.2,-3.3,-4.3,-3.6,0.7,1.8,1.6,13.1,10,6.6,13.8,11.8,8.2,141996,10.5,30775,12.6,73463,71871,75055,677489,654981,22508,3.3,674958,649627,25331,3.8,678559,648301,30258,4.5,685165,649899,35266,5.1,685989,654082,31907,4.7,695280,661176,34104,4.9,700747,667801,32946,4.7,699753,667061,32692,4.7,701930,664441,37489,5.3,697698,639142,58556,8.4,697832,638984,58848,8.4,698979,644967,54012,7.7,700730,650315,50415,7.2,704240,657058,47182,6.7,698035,659008,39027,5.6,687859,657550,30309,4.4,693917,667723,26194,3.8,703871,680164,23707,3.4,700856,678584,22272,3.2,698261,678011,20250,2.9,671979,637985,33994,5.1,688542,656138,32404,4.7,681172,661833,19339,2.8,687322,667619,19703,2.9,69485,100
24000,MD,Maryland,992786,593295,206230,290238,47.7,28.5,9.9,13.9,813543,812201,364656,508696,32.6,32.5,14.6,20.4,673932,878432,744137,826164,21.6,28.1,23.8,26.5,565086,933836,897313,1099360,16.2,26.7,25.7,31.4,445826,1008437,1012698,1408321,11.50434988,26.02228689,26.13224018,36.34112305,382701,1014175,1049892,1826045,8.95665221,23.73553441,24.57144743,42.73636595,6177224,6177253,6173689,6175045,6163981,6180253,-3564,1356,-11064,16272,17156,67431,68904,67969,16929,58995,57559,53770,227,8436,11345,14199,508,9041,23536,32977,-5257,-17683,-45734,-30905,-4749,-8642,-22198,2072,958,1562,-211,1,10.9,11.2,11,9.6,9.3,8.7,1.4,1.8,2.3,1.5,3.8,5.3,-2.9,-7.4,-5,-1.4,-3.6,0.3,585097,9.7,149906,11.3,98568,97322,99814,2801391,2702430,98961,3.5,2836279,2717443,118836,4.2,2872367,2734977,137390,4.8,2881024,2742966,138058,4.8,2885111,2752186,132925,4.6,2931581,2799960,131621,4.5,2984444,2860048,124396,4.2,2989317,2877994,111323,3.7,3027934,2891508,136426,4.5,3049869,2819397,230472,7.6,3078368,2836945,241423,7.8,3097300,2870857,226443,7.3,3120947,2906518,214429,6.9,3128908,2924626,204282,6.5,3125017,2945911,179106,5.7,3139988,2983083,156905,5,3155918,3020827,135091,4.3,3243896,3114580,129316,4,3270635,3146485,124150,3.8,3338480,3225825,112655,3.4,3230561,3022470,208091,6.4,3152885,2988216,164669,5.2,3154854,3060216,94638,3,3184868,3117270,67598,2.1,94957,100
25000,MA,Massachusetts,1305345,1096249,346399,394470,41.5,34.9,11,12.6,963289,1260868,545469,693630,27.8,36.4,15.8,20,792657,1178509,912058,1078999,20,29.7,23,27.2,651093,1165489,1038398,1418295,15.2,27.3,24.3,33.2,484887,1156650,1083895,1740466,10.85754757,25.89960631,24.27048267,38.97236345,425209,1129802,1084720,2305899,8.597671075,22.84445056,21.93289834,46.62498003,7029917,7032933,6997713,6991951,6982740,7001399,-35220,-5762,-9211,18659,17113,66441,69069,68387,22133,61652,63566,61404,-5020,4789,5503,6983,908,16477,42932,50647,-27235,-26269,-56813,-39149,-26327,-9792,-13881,11498,-3873,-759,-833,178,9.5,9.9,9.8,8.8,9.1,8.8,0.7,0.8,1,2.4,6.1,7.2,-3.8,-8.1,-5.6,-1.4,-2,1.6,710123,10.5,167647,12.7,99750,98449,101051,3340566,3246356,94210,2.8,3386892,3258352,128540,3.8,3436864,3257517,179347,5.2,3418989,3223294,195695,5.7,3400830,3226991,173839,5.1,3385536,3222953,162583,4.8,3411688,3251029,160659,4.7,3433239,3277912,155327,4.5,3465906,3282299,183607,5.3,3470431,3189506,280925,8.1,3479304,3198617,280687,8.1,3484135,3232458,251677,7.2,3506457,3271256,235201,6.7,3516689,3283144,233545,6.6,3569557,3364853,204704,5.7,3589409,3417296,172113,4.8,3617498,3472327,145171,4,3724520,3582389,142131,3.8,3818769,3686198,132571,3.5,3848611,3731900,116711,3,3744255,3396014,348241,9.3,3731417,3530207,201210,5.4,3743592,3606318,137274,3.7,3751662,3625293,126369,3.4,94538,100
26000,MI,Michigan,2170415,1546679,444452,432915,47.2,33.7,9.7,9.4,1681690,1997940,825223,749187,32,38,15.7,14.3,1356759,1887449,1584387,1014047,23.2,32.3,27.1,17.4,1064133,2010861,1944688,1396259,16.6,31.3,30.3,21.8,744419,2021310,2133610,1679180,11.3159056,30.72591263,32.43298378,25.525198,564902,1964538,2224908,2213104,8.107727186,28.1959316,31.93287876,31.76346245,10077331,10077674,10070627,10038117,10033281,10037261,-7047,-32510,-4836,3980,26588,102799,104411,101911,31057,115214,117927,105941,-4469,-12415,-13516,-4030,409,7044,18766,22817,-4859,-29881,-8588,-15051,-4450,-22837,10178,7766,1872,2742,-1498,244,10.2,10.4,10.2,11.5,11.8,10.6,-1.2,-1.3,-0.4,0.7,1.9,2.3,-3,-0.9,-1.5,-2.3,1,0.8,1322242,13.5,362488,17.5,69097,68410,69784,5156695,4968878,187817,3.6,5138844,4872118,266726,5.2,5034722,4723286,311436,6.2,5036119,4678901,357218,7.1,5056148,4703962,352186,7,5069602,4725701,343901,6.8,5056734,4701385,355349,7,4994841,4640173,354668,7.1,4915781,4513249,402532,8.2,4860036,4221462,638574,13.1,4754799,4173946,580853,12.2,4668979,4201785,467194,10,4685462,4261963,423499,9,4736919,4323410,413509,8.7,4759720,4416017,343703,7.2,4760207,4501816,258391,5.4,4848638,4606948,241690,5,4911247,4685853,225394,4.6,4944794,4739081,205713,4.2,4979516,4776963,202553,4.1,4861572,4376032,485540,10,4775153,4500849,274304,5.7,4866063,4664171,201892,4.1,5007904,4812421,195483,3.9,66926,100
27000,MN,Minnesota,844065,687242,238128,220932,42.4,34.5,12,11.1,632148,904382,401890,407281,26.9,38.6,17.1,17.4,488765,913265,763948,604584,17.6,33,27.6,21.8,381345,912672,1002246,868082,12.1,28.8,31.7,27.4,285839,955846,1147626,1136539,8.106952933,27.1096615,32.54891728,32.23446828,239636,916744,1227836,1513374,6.148312162,23.52079105,31.50244125,38.82845553,5706494,5706804,5710578,5717968,5714300,5737915,3774,7390,-3668,23615,16461,63012,64630,63754,12746,51396,53436,49911,3715,11616,11194,13843,295,5523,14231,14575,-1510,-10887,-28893,-4686,-1215,-5364,-14662,9889,1274,1138,-200,-117,11,11.3,11.1,9,9.3,8.7,2,2,2.4,1,2.5,2.5,-1.9,-5.1,-0.8,-0.9,-2.6,1.7,519464,9.2,130152,10.2,85070,84312,85828,2799111,2714001,85110,3,2847955,2740867,107088,3.8,2873004,2744745,128259,4.5,2893369,2754850,138519,4.8,2893478,2760746,132732,4.6,2880908,2762419,118489,4.1,2889613,2772171,117442,4.1,2898861,2765611,133250,4.6,2914133,2756573,157560,5.4,2932056,2699974,232082,7.9,2940696,2722623,218073,7.4,2952527,2760400,192127,6.5,2949770,2783181,166589,5.6,2961729,2812453,149276,5,2979798,2852488,127310,4.3,3005414,2891673,113741,3.8,3023110,2906348,116762,3.9,3071006,2963830,107176,3.5,3075090,2982658,92432,3,3111674,3009672,102002,3.3,3122016,2926644,195372,6.3,3049037,2935653,113384,3.7,3071450,2992787,78663,2.6,3099923,3012707,87216,2.8,82343,100
28000,MS,Mississippi,656198,266121,99907,89563,59,23.9,9,8.1,618625,398848,182233,168086,45.2,29.2,13.3,12.3,549685,423624,338741,226947,35.7,27.5,22,14.7,477030,516091,467305,297091,27.1,29.4,26.6,16.9,361500,579270,583598,380481,18.97788224,30.41028449,30.6374941,19.97433917,263266,589225,641810,475997,13.36173513,29.90537472,32.57426034,24.15862981,2961279,2961306,2958409,2949582,2938928,2939690,-2897,-8827,-10654,762,8503,35004,34786,34628,9676,41703,40733,36032,-1173,-6699,-5947,-1404,58,627,1555,4800,-2122,-3456,-5752,-2614,-2064,-2829,-4197,2186,340,701,-510,-20,11.8,11.8,11.8,14.1,13.8,12.3,-2.3,-2,-0.5,0.2,0.5,1.6,-1.2,-2,-0.9,-1,-1.4,0.7,519394,18.3,162144,24.3,54386,53167,55605,1309882,1239841,70041,5.3,1294733,1223536,71197,5.5,1290793,1207799,82994,6.4,1304578,1224551,80027,6.1,1314982,1234123,80859,6.1,1317407,1217359,100048,7.6,1280618,1199290,81328,6.4,1293338,1213549,79789,6.2,1293375,1206858,86517,6.7,1268505,1149831,118674,9.4,1309128,1176938,132190,10.1,1345990,1214638,131352,9.8,1330450,1213245,117205,8.8,1273057,1164832,108225,8.5,1243934,1149277,94657,7.6,1260015,1178018,81997,6.5,1271836,1196241,75595,5.9,1272685,1206102,66583,5.2,1268040,1205342,62698,4.9,1278958,1208541,70417,5.5,1244316,1145184,99132,8,1251894,1183867,68027,5.4,1248093,1200234,47859,3.8,1231104,1192015,39089,3.2,52788,100
29000,MO,Missouri,1332385,795144,241285,233465,51.2,30.6,9.3,9,1064597,1059240,389304,405515,36.5,36.3,13.3,13.9,858368,1090940,756510,585761,26.1,33.1,23,17.8,679095,1189670,981665,784476,18.7,32.7,27,21.6,508960,1260509,1180069,1024076,12.80849121,31.72197903,29.69762539,25.77190437,354732,1279442,1238028,1345230,8.411089971,30.3369918,29.35501983,31.8968984,6154913,6154889,6154426,6170393,6177168,6196156,-463,15967,6775,18988,17239,68820,68857,68334,16745,75365,75735,68389,494,-6545,-6878,-55,270,3862,10127,7852,-1291,16811,4614,11171,-1021,20673,14741,19023,64,1839,-1088,20,11.2,11.2,11,12.2,12.3,11.1,-1.1,-1.1,0,0.6,1.6,1.3,2.7,0.7,1.8,3.4,2.4,3.1,723813,12,197439,14.7,68484,67601,69367,2971441,2870458,100983,3.4,2987905,2853157,134748,4.5,2981097,2823361,157736,5.3,2983337,2814661,168676,5.7,2995924,2819803,176121,5.9,3011096,2847795,163301,5.4,3036656,2888798,147858,4.9,3058119,2902504,155615,5.1,3065251,2875600,189651,6.2,3061704,2784890,276814,9,3043249,2753910,289339,9.5,3032960,2770662,262298,8.6,3004347,2789025,215322,7.2,3011198,2807115,204083,6.8,3035599,2848571,187028,6.2,3057859,2901467,156392,5.1,3072904,2933457,139447,4.5,3053526,2939306,114220,3.7,3048449,2949963,98486,3.2,3073523,2973662,99861,3.2,3025785,2839617,186168,6.2,3028635,2902841,125794,4.2,3036611,2957352,79259,2.6,3087759,2993587,94172,3,64783,100
30000,MT,Montana,148759,124113,51500,40136,40.8,34,14.1,11,115334,171109,85672,78747,25.6,38,19,17.5,96469,170070,140791,100521,19,33.5,27.7,19.8,75358,183415,184887,142961,12.8,31.3,31.5,24.4,54629,202958,222534,191216,8.137343838,30.23191035,33.14788251,28.4828633,41822,214759,247688,266066,5.429066575,27.8786502,32.15328396,34.53899927,1084225,1084244,1087211,1106366,1122878,1132812,2967,19155,16512,9934,2812,10841,11219,11206,2518,12151,12896,11377,294,-1310,-1677,-171,44,712,1793,609,2746,20376,15837,9485,2790,21088,17630,10094,-117,-623,559,11,9.9,10.1,9.9,11.1,11.6,10.1,-1.2,-1.5,-0.2,0.6,1.6,0.5,18.6,14.2,8.4,19.2,15.8,8.9,130301,11.8,29566,12.8,70939,69537,72341,470069,447383,22686,4.8,465355,443866,21489,4.6,466408,445122,21286,4.6,470502,448251,22251,4.7,478226,456674,21552,4.5,485546,465728,19818,4.1,495166,478726,16440,3.3,505095,488129,16966,3.4,512278,488259,24019,4.7,502593,466778,35815,7.1,500895,464808,36087,7.2,501065,467786,33279,6.6,506441,477056,29385,5.8,511199,483798,27401,5.4,512613,488738,23875,4.7,517901,495725,22176,4.3,521736,499266,22470,4.3,528441,506871,21570,4.1,535140,515213,19927,3.7,543914,524870,19044,3.5,544500,512744,31756,5.8,549105,530391,18714,3.4,564052,548848,15204,2.7,574096,557509,16587,2.9,67915,100
31000,NE,Nebraska,327773,299440,99767,77643,40.7,37.2,12.4,9.6,242616,370302,157693,141542,26.6,40.6,17.3,15.5,181072,345778,280537,188662,18.2,34.7,28.2,18.9,145861,339952,343288,258140,13.4,31.3,31.6,23.7,113355,339607,398679,333027,9.568503581,28.66685012,33.65322605,28.11142025,102256,324253,423513,440234,7.925248943,25.13090425,32.82395122,34.11989559,1961504,1961965,1963273,1964253,1968060,1978379,1308,980,3807,10319,6046,24410,24174,24195,4462,19570,19473,18496,1584,4840,4701,5699,93,1580,4042,5441,-778,-6037,-4367,-834,-685,-4457,-325,4607,409,597,-569,13,12.4,12.3,12.3,10,9.9,9.4,2.5,2.4,2.9,0.8,2.1,2.8,-3.1,-2.2,-0.4,-2.3,-0.2,2.3,197626,10.2,52447,11.1,74727,73441,76013,938849,912620,26229,2.8,945374,915662,29712,3.1,952937,917833,35104,3.7,967039,928916,38123,3.9,973636,935722,37914,3.9,972759,935914,36845,3.8,971430,941941,29489,3,979043,950318,28725,2.9,987537,955470,32067,3.2,987855,941903,45952,4.7,992009,945195,46814,4.7,1003635,959325,44310,4.4,1012807,973448,39359,3.9,1014830,977464,37366,3.7,1012727,979728,32999,3.3,1011666,981326,30340,3,1016062,984966,31096,3.1,1023163,992740,30423,3,1036411,1006283,30128,2.9,1050380,1017743,32637,3.1,1045106,1000645,44461,4.3,1043331,1015997,27334,2.6,1050357,1027681,22676,2.2,1054681,1030880,23801,2.3,69828,100
32000,NV,Nevada,92220,103235,41042,28592,34.8,38.9,15.5,10.8,117580,193787,98987,69247,24.5,40.4,20.6,14.4,167628,248968,252402,120640,21.2,31.5,32,15.3,253374,384270,434657,237875,19.3,29.3,33.2,18.2,279754,514459,598907,397909,15.61973592,28.72421385,33.43926871,22.21678153,277389,602478,714821,601393,12.63109148,27.43423398,32.54984675,27.38482779,3104614,3104617,3115840,3146632,3177421,3194176,11223,30792,30789,16755,8167,33361,33542,33055,7009,32390,33435,29322,1158,971,107,3733,137,3612,10179,4266,10289,25387,20526,8642,10426,28999,30705,12908,-361,822,-23,114,10.7,10.6,10.4,10.3,10.6,9.2,0.3,0,1.2,1.2,3.2,1.3,8.1,6.5,2.7,9.3,9.7,4.1,383742,12.2,110536,16.4,76332,74949,77715,1070776,1026650,44126,4.1,1113529,1055769,57760,5.2,1134096,1069601,64495,5.7,1150376,1089893,60483,5.3,1178651,1126205,52446,4.4,1228449,1177587,50862,4.1,1291512,1239263,52249,4,1344209,1282414,61795,4.6,1373107,1278789,94318,6.9,1367367,1207052,160315,11.7,1358860,1171879,186981,13.8,1360791,1179653,181138,13.3,1366208,1207733,158475,11.6,1370727,1234021,136706,10,1380084,1267424,112660,8.2,1396761,1301094,95667,6.8,1414233,1332390,81843,5.8,1444262,1372022,72240,5,1494692,1429284,65408,4.4,1545118,1481046,64072,4.1,1505941,1302514,203427,13.5,1500442,1397961,102481,6.8,1557609,1476297,81312,5.2,1602652,1520260,82392,5.1,72348,100
33000,NH,New Hampshire,168709,136982,48837,43153,42.4,34.4,12.3,10.9,150385,201416,91468,98684,27.7,37.2,16.9,18.2,127423,226267,186263,173941,17.8,31.7,26.1,24.4,103754,247723,236406,236104,12.6,30.1,28.7,28.7,77643,265671,260654,303370,8.557230051,29.28026821,28.72733204,33.43516969,59997,272558,274829,401838,5.94487635,27.00674381,27.23176863,39.81661121,1377529,1377524,1378702,1387494,1399003,1402054,1178,8792,11509,3051,2994,12044,12332,12155,3481,13709,14674,14264,-487,-1665,-2342,-2109,88,1542,3834,859,1272,8461,10118,4298,1360,10003,13952,5157,305,454,-101,3,8.7,8.9,8.7,9.9,10.5,10.2,-1.2,-1.7,-1.5,1.1,2.8,0.6,6.1,7.3,3.1,7.2,10,3.7,99969,7.3,20374,8.2,97031,95009,99053,685799,667603,18196,2.7,692029,668566,23463,3.4,700563,668980,31583,4.5,708938,677387,31551,4.5,715495,688271,27224,3.8,726101,699666,26435,3.6,732384,706655,25729,3.5,737928,712023,25905,3.5,742881,715076,27805,3.7,739802,694362,45440,6.1,739340,694132,45208,6.1,736785,696591,40194,5.5,740796,700448,40348,5.4,743036,704023,39013,5.3,743756,711740,32016,4.3,746317,720832,25485,3.4,752478,731002,21476,2.9,758133,736918,21215,2.8,770469,750285,20184,2.6,778467,758463,20004,2.6,761429,710538,50891,6.7,753206,727574,25632,3.4,760333,742975,17358,2.3,759604,742886,16718,2.2,90750,100
34000,NJ,New Jersey,1925498,1292000,358982,480126,47.5,31.8,8.8,11.8,1468349,1615424,594434,826040,32.6,35.9,13.2,18.3,1205206,1606555,1070455,1284017,23.3,31.1,20.7,24.9,1014477,1661493,1296968,1684861,17.9,29.4,22.9,29.8,723029,1741272,1393117,2112098,12.11202047,29.1694,23.33718513,35.3813944,600736,1662983,1423815,2771686,9.300441849,25.74587953,22.04314143,42.91053719,9288994,9289039,9272392,9269175,9260817,9290841,-16647,-3217,-8358,30024,24722,98001,102468,102055,33966,83971,82566,76563,-9244,14030,19902,25492,901,14745,38635,49298,-9361,-33561,-65605,-44666,-8460,-18816,-26970,4632,1057,1569,-1290,-100,10.6,11.1,11,9.1,8.9,8.3,1.5,2.1,2.7,1.6,4.2,5.3,-3.6,-7.1,-4.8,-2,-2.9,0.5,885529,9.7,252962,12.8,99716,98681,100751,4287640,4130824,156816,3.7,4294366,4112095,182271,4.2,4345273,4094389,250884,5.8,4344387,4091465,252922,5.8,4348048,4134064,213984,4.9,4387304,4192396,194908,4.4,4436646,4231848,204798,4.6,4436092,4248982,187110,4.2,4495936,4251455,244481,5.4,4540303,4133366,406937,9,4559778,4118982,440796,9.7,4561786,4134708,427078,9.4,4576286,4147221,429065,9.4,4528019,4147661,380358,8.4,4493894,4191318,302576,6.7,4494606,4237876,256730,5.7,4492821,4271201,221620,4.9,4614953,4406151,208802,4.5,4604787,4420713,184074,4,4687390,4525044,162346,3.5,4638386,4200980,437406,9.4,4648814,4337793,311021,6.7,4736213,4552563,183650,3.9,4829671,4615722,213949,4.4,96341,100
35000,NM,New Mexico,219208,146711,61354,62350,44.8,30,12.5,12.7,220240,241403,121159,124345,31.1,34.1,17.1,17.6,229974,264943,239337,188336,24.9,28.7,25.9,20.4,239981,301746,326925,266149,21.1,26.6,28.8,23.5,221143,351718,419187,341878,16.57835592,26.36712981,31.42505656,25.62945771,178146,373330,461295,438228,12.27747228,25.72917004,31.791545,30.20181268,2117522,2117525,2118488,2116950,2113476,2114371,963,-1538,-3474,895,5327,21433,21151,20728,5523,24640,25470,22344,-196,-3207,-4319,-1616,158,2259,5839,3642,702,-1206,-4496,-1088,860,1053,1343,2554,299,616,-498,-43,10.1,10,9.8,11.6,12,10.6,-1.5,-2,-0.8,1.1,2.8,1.7,-0.6,-2.1,-0.5,0.5,0.6,1.2,349872,16.9,100608,22.6,62286,61051,63521,846150,803666,42484,5,855088,812557,42531,5,866850,819275,47575,5.5,880251,828390,51861,5.9,890462,841002,49460,5.6,906007,858722,47285,5.2,914467,876100,38367,4.2,920673,887565,33108,3.6,933628,893645,39983,4.3,928373,862687,65686,7.1,928862,856602,72260,7.8,925108,858165,66943,7.2,928762,863937,64825,7,929410,865207,64203,6.9,931950,870570,61380,6.6,938300,876206,62094,6.6,944245,880515,63730,6.7,948581,890988,57593,6.1,944936,898360,46576,4.9,955798,908397,47401,5,931499,858100,73399,7.9,942420,875911,66509,7.1,947411,908878,38533,4.1,965244,928983,36261,3.8,59842,100
36000,NY,New York,4932459,3249934,997627,1238535,47.3,31.2,9.6,11.9,3615909,3651739,1529817,1923547,33.7,34.1,14.3,17.9,2977604,3485686,2621450,2733829,25.2,29.5,22.2,23.1,2626324,3480768,3002232,3433212,20.9,27.8,23.9,27.4,1981850,3578443,3245783,4295906,15.12633737,27.3122265,24.77322133,32.78821479,1698537,3437438,3324660,5535503,12.13575488,24.5599036,23.75412417,39.55021735,20201249,20202320,20104710,19854526,19673200,19571216,-97610,-250184,-181326,-101984,53056,205414,210106,207450,72698,177088,176382,165914,-19642,28326,33724,41536,1343,28769,77285,73867,-72398,-295159,-298341,-216778,-71055,-266390,-221056,-142911,-6913,-12120,6006,-609,10.3,10.6,10.6,8.9,8.9,8.5,1.4,1.7,2.1,1.4,3.9,3.8,-14.8,-15.1,-11,-13.3,-11.2,-7.3,2697685,14.1,718306,18.6,82052,81555,82549,9140541,8727537,413004,4.5,9126538,8680547,445991,4.9,9294770,8718237,576533,6.2,9283810,8689954,593856,6.4,9359930,8816050,543880,5.8,9455488,8986176,469312,5,9520386,9090969,429417,4.5,9511023,9088287,422736,4.4,9641100,9121271,519829,5.4,9664010,8853905,810105,8.4,9630297,8790607,839690,8.7,9537752,8741662,796090,8.3,9602599,8775083,827516,8.6,9632949,8880792,752157,7.8,9523567,8925328,598239,6.3,9536519,9035989,500530,5.2,9527021,9062866,464155,4.9,9838170,9382750,455420,4.6,9826126,9424212,401914,4.1,9850900,9470443,380457,3.9,9564414,8628006,936408,9.8,9532961,8856999,675962,7.1,9595770,9178585,417185,4.3,9717791,9306973,410818,4.2,79463,100
37000,NC,North Carolina,1628322,572928,221396,223626,61.5,21.7,8.4,8.5,1537018,947017,468761,450423,45.2,27.8,13.8,13.2,1277747,1232868,1003830,739049,30,29,23.6,17.4,1154724,1502978,1438579,1186713,21.9,28.4,27.2,22.5,979717,1722998,1924759,1696645,15.49175466,27.24487,30.43521161,26.82816373,744581,1812528,2183348,2521353,10.25338036,24.95972767,30.06616808,34.7207239,10439388,10439459,10453812,10567100,10695965,10835491,14353,113288,128865,139526,28675,116747,121639,121148,25861,115480,117926,108491,2814,1267,3713,12657,679,9920,26184,29448,12492,101909,98524,97264,13171,111829,124708,126712,-1632,192,444,157,11.1,11.4,11.3,11,11.1,10.1,0.1,0.3,1.2,0.9,2.5,2.7,9.7,9.3,9,10.6,11.7,11.8,1351818,12.8,403041,17.5,70838,70296,71380,4127465,3972811,154654,3.7,4191959,3956124,235835,5.6,4209274,3917218,292056,6.9,4285401,3997950,287451,6.7,4287954,4036223,251731,5.9,4348830,4105112,243718,5.6,4461103,4232804,228299,5.1,4528594,4297692,230902,5.1,4578477,4296605,281872,6.2,4613198,4104074,509124,11,4633695,4135783,497912,10.7,4657873,4180071,477802,10.3,4720203,4271383,448820,9.5,4701391,4336379,365012,7.8,4698287,4410647,287640,6.1,4763821,4493882,269939,5.7,4844851,4598456,246395,5.1,4865900,4646212,219688,4.5,4911884,4715616,196268,4,5000820,4807598,193222,3.9,4831154,4483551,347603,7.2,4939281,4697757,241524,4.9,5155937,4965568,190369,3.7,5231638,5050870,180768,3.5,67516,100
38000,ND,North Dakota,158151,87806,45680,26702,49.7,27.6,14.3,8.4,122546,114122,73891,54042,33.6,31.3,20.3,14.8,92427,111215,121269,71639,23.3,28,30.6,18.1,65956,113931,138855,89843,16.1,27.9,34,22,42106,120581,160302,119800,9.509269652,27.23215798,36.20279637,27.055776,31418,130763,182590,164378,6.170688737,25.68265871,35.86180077,32.28485178,779094,779079,779563,777982,778912,783926,484,-1581,930,5014,2563,10019,9839,9649,1751,7766,7390,6945,812,2253,2449,2704,29,453,1260,2298,-448,-4008,-2727,-9,-419,-3555,-1467,2289,91,-279,-52,21,12.9,12.6,12.3,10,9.5,8.9,2.9,3.1,3.5,0.6,1.6,2.9,-5.1,-3.5,0,-4.6,-1.9,2.9,75483,10,18256,10.1,77346,75613,79079,342761,332615,10146,3,342528,332805,9723,2.8,342463,330852,11611,3.4,347099,335092,12007,3.5,353652,341694,11958,3.4,356385,344595,11790,3.3,362712,351410,11302,3.1,367564,356434,11130,3,371843,360446,11397,3.1,370364,355736,14628,3.9,379062,365041,14021,3.7,387383,374434,12949,3.3,395490,383888,11602,2.9,401518,389928,11590,2.9,409503,398783,10720,2.6,410764,399296,11468,2.8,411778,399001,12777,3.1,415765,404901,10864,2.6,412069,402201,9868,2.4,414120,405150,8970,2.2,409175,388962,20213,4.9,407443,395160,12283,3,412237,403886,8351,2,416722,408909,7813,1.9,73240,100
39000,OH,Ohio,2665837,2010237,496057,528186,46.8,35.3,8.7,9.3,2078014,2547330,807360,858963,33,40.5,12.8,13.7,1684888,2515987,1548553,1175336,24.3,36.3,22.4,17,1262085,2674551,1911572,1563532,17,36.1,25.8,21.1,910330,2694883,2202241,1908439,11.79811591,34.92639154,28.54162182,24.73387073,680554,2624935,2303726,2514129,8.377756746,32.31347829,28.35933084,30.94943412,11799448,11799331,11798292,11765227,11759697,11785935,-1039,-33065,-5530,26238,32340,128271,128796,128826,33762,146812,149079,131288,-1422,-18541,-20283,-2462,518,9280,23737,28081,-2867,-27624,-4862,637,-2349,-18344,18875,28718,2732,3820,-4122,-18,10.9,10.9,10.9,12.5,12.7,11.2,-1.6,-1.7,-0.2,0.8,2,2.4,-2.3,-0.4,0.1,-1.6,1.6,2.4,1518116,13.2,441934,17.5,67873,67151,68595,5781442,5544340,237102,4.1,5821151,5566414,254737,4.4,5827493,5490092,337401,5.8,5862996,5498959,364037,6.2,5853714,5487218,366496,6.3,5880691,5531429,349262,5.9,5957220,5635968,321252,5.4,6017203,5679258,337945,5.6,6002468,5609101,393367,6.6,5904847,5304803,600044,10.2,5871473,5267304,604169,10.3,5773480,5263728,509752,8.8,5712475,5290392,422083,7.4,5706777,5281459,425318,7.5,5713176,5381787,331389,5.8,5710776,5427850,282926,5,5754480,5464097,290383,5,5818975,5529479,289496,5,5819989,5558124,261865,4.5,5879395,5634934,244461,4.2,5736620,5266859,469761,8.2,5708982,5415608,293374,5.1,5733131,5503265,229866,4,5786996,5582438,204558,3.5,65786,100
40000,OK,Oklahoma,688737,426577,164711,142544,48.4,30,11.6,10,602284,615290,285425,266762,34,34.8,16.1,15.1,506961,607903,525591,354969,25.4,30.5,26.3,17.8,427233,693607,635562,446771,19.4,31.5,28.8,20.3,336888,773447,761486,566500,13.81639251,31.72047487,31.2299324,23.23320022,287078,811387,809067,733793,10.86871173,30.71893841,30.63110371,27.78124615,3959353,3959411,3965234,3991634,4019271,4053824,5823,26400,27637,34553,11579,47473,48121,48073,10353,50805,51669,45506,1226,-3332,-3548,2567,172,2188,5663,8380,3825,26348,26304,23587,3997,28536,31967,31967,600,1196,-782,19,11.9,12,11.9,12.8,12.9,11.3,-0.8,-0.9,0.6,0.5,1.4,2.1,6.6,6.6,5.8,7.2,8,7.9,621050,15.8,194200,20.5,62120,61642,62598,1655517,1605949,49568,3,1672620,1611746,60874,3.6,1685334,1607453,77881,4.6,1686378,1595412,90966,5.4,1690505,1610799,79706,4.7,1709289,1635004,74285,4.3,1714440,1647518,66922,3.9,1723271,1654796,68475,4,1740886,1678409,62477,3.6,1769447,1653357,116090,6.6,1765708,1650502,115206,6.5,1767056,1668235,98821,5.6,1794901,1703624,91277,5.1,1799525,1707220,92305,5.1,1797769,1719826,77943,4.3,1829046,1750501,78545,4.3,1828055,1743225,84830,4.6,1826272,1752733,73539,4,1831256,1771251,60005,3.3,1843331,1785400,57931,3.1,1842829,1726786,116043,6.3,1866370,1791369,75001,4,1903508,1845328,58180,3.1,1963240,1899949,63291,3.2,59632,100
41000,OR,Oregon,461957,404406,153489,136172,40,35,13.3,11.8,384834,586543,326428,282036,24.4,37.1,20.7,17.9,343609,536687,592902,382171,18.5,28.9,32,20.6,334811,591229,760392,564566,14.9,26.3,33.8,25.1,283302,647185,917646,763911,10.84598881,24.77695628,35.13133776,29.24571715,250221,676182,1000295,1094312,8.282693536,22.38264686,33.11127735,36.22338225,4237256,4237279,4245044,4256465,4239379,4233358,7765,11421,-17086,-6021,10281,39660,40521,39046,9546,41943,46369,43285,735,-2283,-5848,-4239,177,2609,7234,4304,6407,10253,-17575,-6051,6584,12862,-10341,-1747,446,842,-897,-35,9.3,9.5,9.2,9.9,10.9,10.2,-0.5,-1.4,-1,0.6,1.7,1,2.4,-4.1,-1.4,3,-2.4,-0.4,503758,12.1,111495,13.6,80061,79043,81079,1811837,1717623,94214,5.2,1815076,1699359,115717,6.4,1834254,1696894,137360,7.5,1846328,1698482,147846,8,1845407,1709561,135846,7.4,1848897,1734710,114187,6.2,1881770,1780651,101119,5.4,1910890,1812303,98587,5.2,1946539,1825256,121283,6.2,1968365,1755156,213209,10.8,1991749,1778034,213715,10.7,1995931,1804257,191674,9.6,1964662,1791248,173414,8.8,1924692,1775139,149553,7.8,1950128,1820202,129926,6.7,1979475,1871286,108189,5.5,2042929,1946233,96696,4.7,2075682,1991503,84179,4.1,2080051,1996490,83561,4,2091454,2013835,77619,3.7,2107241,1947540,159701,7.6,2144461,2033502,110959,5.2,2159953,2075083,84870,3.9,2162127,2081652,80475,3.7,75638,100
42000,PA,Pennsylvania,3329284,2306108,469256,585290,49.8,34.5,7,8.7,2556743,2925153,776932,981416,35.3,40.4,10.7,13.6,1994278,3035080,1430828,1412746,25.3,38.6,18.2,17.9,1496105,3150013,1772535,1847631,18.1,38.1,21.4,22.4,1013820,3222376,2080799,2341877,11.70845348,37.2147319,24.03083219,27.04598243,740736,3039316,2215776,3157318,8.092692939,33.20515154,24.20780789,34.49434763,13002700,13002788,12995477,13013614,12972091,12961683,-7311,18137,-41523,-10408,32903,130245,131600,129489,40289,155661,155062,140568,-7386,-25416,-23462,-11079,626,10199,25721,25776,-3696,27803,-39731,-24825,-3070,38002,-14010,951,3145,5551,-4051,-280,10,10.1,10,12,11.9,10.8,-2,-1.8,-0.9,0.8,2,2,2.1,-3.1,-1.9,2.9,-1.1,0.1,1497696,11.9,400534,15.5,73826,73318,74334,6105742,5848152,257590,4.2,6178900,5882813,296087,4.8,6214539,5869299,345240,5.6,6157935,5808102,349833,5.7,6212828,5878607,334221,5.4,6256642,5943887,312755,5,6297964,6002761,295203,4.7,6346588,6057645,288943,4.6,6439786,6096818,342968,5.3,6400238,5890073,510165,8,6360605,5838498,522107,8.2,6381749,5886748,495001,7.8,6449023,5955409,493614,7.7,6419837,5962130,457707,7.1,6389059,6010075,378984,5.9,6423155,6076402,346753,5.4,6458891,6114644,344247,5.3,6485253,6161913,323340,5,6509775,6222004,287771,4.4,6576454,6291680,284774,4.3,6506484,5929949,576535,8.9,6431855,6054068,377787,5.9,6465248,6202046,263202,4.1,6518343,6295653,222690,3.4,71789,100
44000,RI,Rhode Island,281089,151919,41875,49199,53.6,29,8,9.4,223949,188488,74038,88768,38.9,32.8,12.9,15.4,184344,194064,140388,140160,28,29.5,21.3,21.3,153086,192914,170756,177817,22,27.8,24.6,25.6,108156,195007,188195,218325,15.24004379,27.47804301,26.51817783,30.76373536,81676,205862,199300,289667,10.51841263,26.51135537,25.66628676,37.30394524,1097379,1097371,1096444,1097092,1093842,1095962,-927,648,-3250,2120,2546,10030,10386,10006,3389,11332,11078,10434,-843,-1302,-692,-428,77,1072,2663,5777,-430,365,-4855,-3224,-353,1437,-2192,2553,269,513,-366,-5,9.1,9.5,9.1,10.3,10.1,9.5,-1.2,-0.6,-0.4,1,2.4,5.3,0.3,-4.4,-2.9,1.3,-2,2.3,120087,11.4,30274,15.1,83518,81248,85788,542514,520813,21701,4,541661,517532,24129,4.5,550244,522201,28043,5.1,560785,529583,31202,5.6,555679,526489,29190,5.3,563439,534535,28904,5.1,571586,541675,29911,5.2,571086,541956,29130,5.1,568229,525187,43042,7.6,571203,505930,65273,11.4,571505,504957,66548,11.6,562061,500109,61952,11,560204,502897,57307,10.2,558747,505776,52971,9.5,556635,513406,43229,7.8,555272,521767,33505,6,553231,524438,28793,5.2,568144,542552,25592,4.5,572663,549529,23134,4,574066,553845,20221,3.5,570736,518282,52454,9.2,572546,540926,31620,5.5,571754,553588,18166,3.2,573848,556609,17239,3,80873,100
45000,SC,South Carolina,798556,264070,106092,115119,62.2,20.6,8.3,9,802294,468796,229303,232629,46.3,27.1,13.2,13.4,687260,639358,480139,360833,31.7,29.5,22.2,16.6,614279,778054,673622,530055,23.7,30,25.9,20.4,490863,932051,897454,755287,15.95962486,30.3041466,29.17928051,24.55694803,375697,1019313,1079156,1136208,10.40604104,28.23289222,29.89042132,31.47064542,5118425,5118422,5132151,5193848,5282955,5373555,13729,61697,89107,90600,13492,55815,57508,57581,14065,64911,64636,58852,-573,-9096,-7128,-1271,335,4028,10467,9291,14724,67368,83401,82562,15059,71396,93868,91853,-757,-603,2367,18,10.8,11,10.8,12.6,12.3,11,-1.8,-1.4,-0.2,0.8,2,1.7,13,15.9,15.5,13.8,17.9,17.2,724634,13.9,211225,18.8,67988,66963,69013,1965481,1892559,72922,3.7,1941956,1839246,102710,5.3,1954548,1828735,125813,6.4,1999485,1855599,143886,7.2,2043864,1891722,152142,7.4,2071111,1919644,151467,7.3,2148698,2001245,147453,6.9,2155198,2024493,130705,6.1,2160084,2002903,157181,7.3,2166737,1919307,247430,11.4,2174535,1928442,246093,11.3,2185171,1957493,227678,10.4,2190203,1992957,197246,9,2197876,2034404,163472,7.4,2222426,2082941,139485,6.3,2267837,2134087,133750,5.9,2286054,2174301,111753,4.9,2261766,2166708,95058,4.2,2282022,2205356,76666,3.4,2333533,2268884,64649,2.8,2339140,2199751,139389,6,2359169,2266611,92558,3.9,2393329,2316435,76894,3.2,2453060,2380392,72668,3,64227,100
46000,SD,South Dakota,163089,108908,47457,30043,46.7,31.2,13.6,8.6,125056,141375,68936,54624,32.1,36.3,17.7,14,98720,144990,112899,73891,22.9,33.7,26.2,17.2,73180,156006,143161,102012,15.4,32.9,30.2,21.5,52522,169564,171164,138523,9.876770727,31.88653805,32.18741832,26.0492729,41643,175713,193370,185411,6.985474815,29.47527162,32.43717468,31.10207888,886667,886668,887852,896299,909869,919318,1184,8447,13570,9449,2832,11063,11324,11369,2020,9779,9226,8556,812,1284,2098,2813,65,1100,2781,1788,299,6026,8374,4812,364,7126,11155,6600,8,37,317,36,12.4,12.5,12.4,11,10.2,9.4,1.4,2.3,3.1,1.2,3.1,2,6.8,9.3,5.3,8,12.4,7.2,101184,11.4,29314,13.5,72794,70840,74748,408496,398124,10372,2.5,413493,401072,12421,3,416793,403343,13450,3.2,421524,406897,14627,3.5,425953,410618,15335,3.6,429361,414088,15273,3.6,432760,419816,12944,3,436295,423910,12385,2.8,439212,425670,13542,3.1,441300,421123,20177,4.6,443618,421815,21803,4.9,445866,425367,20499,4.6,447056,428943,18113,4.1,447479,430834,16645,3.7,450769,435733,15036,3.3,453091,439293,13798,3,455133,441418,13715,3,455339,441450,13889,3.1,459202,446413,12789,2.8,464665,451735,12930,2.8,464293,444895,19398,4.2,468876,456631,12245,2.6,474514,464946,9568,2,480238,470715,9523,2,70597,100
47000,TN,Tennessee,1239514,546481,173969,167982,58.2,25.7,8.2,7.9,1180339,852715,320029,339173,43.8,31.7,11.9,12.6,1033914,942865,661296,500991,32.9,30,21.1,16,901684,1182699,927857,732688,24.1,31.6,24.8,19.6,685390,1401231,1165595,998674,16.12344709,32.96323829,27.42002263,23.49329199,499497,1508292,1337243,1460501,10.39420601,31.38657044,27.82715258,30.39207097,6910840,6910786,6926091,6963709,7048976,7126489,15305,37618,85267,77513,19250,79463,82053,82244,18931,89405,91616,81216,319,-9942,-9563,1028,208,3114,7993,13054,14621,45241,83818,63417,14829,48355,91811,76471,157,-795,3019,14,11.4,11.7,11.6,12.9,13.1,11.5,-1.4,-1.4,0.1,0.4,1.1,1.8,6.5,12,8.9,7,13.1,10.8,963479,13.8,290918,18.9,67651,66801,68501,2849026,2738785,110241,3.9,2857659,2728621,129038,4.5,2898948,2750424,148524,5.1,2904566,2744351,160215,5.5,2897792,2742911,154881,5.3,2898490,2738224,160266,5.5,3014749,2856079,158670,5.3,3043258,2901946,141312,4.6,3060778,2862093,198685,6.5,3032658,2725134,307524,10.1,3093118,2789056,304062,9.8,3117492,2833278,284214,9.1,3096322,2849727,246595,8,3078892,2840127,238765,7.8,3043573,2842540,201033,6.6,3074216,2902684,171532,5.6,3136399,2987679,148720,4.7,3197032,3077515,119517,3.7,3257053,3143792,113261,3.5,3339445,3227700,111745,3.3,3299159,3053560,245599,7.4,3321355,3172858,148497,4.5,3361979,3247975,114004,3.4,3379605,3267935,111670,3.3,65231,100
48000,TX,Texas,3060636,1458297,665746,632476,52.6,25.1,11.4,10.9,2969790,2285510,1347880,1340981,37.4,28.8,17,16.9,2872559,2640162,2702979,2094905,27.9,25.6,26.2,20.3,3114561,3176743,3527296,2972293,24.3,24.8,27.6,23.2,3031189,3986617,4607434,4139808,19.22727416,25.28769338,29.22562621,26.25940625,2759723,4691708,5461229,6381971,14.30306182,24.3161323,28.30439722,33.07640867,29145505,29145459,29234361,29561286,30029848,30503301,88902,326925,468562,473453,88268,364918,384024,390494,55732,270419,261745,232241,32536,94499,122279,158253,1957,43475,117197,128534,52914,191643,224896,186767,54871,235118,342093,315301,1495,-2692,4190,-101,12.4,12.9,12.9,9.2,8.8,7.7,3.2,4.1,5.2,1.5,3.9,4.2,6.5,7.5,6.2,8,11.5,10.4,4091368,13.7,1373461,18.4,75778,75308,76248,10388337,9932973,455364,4.4,10539140,10014830,524310,5,10742014,10061049,680965,6.3,10910636,10176554,734082,6.7,10998258,10336114,662144,6,11172694,10561373,611321,5.5,11335112,10770786,564326,5,11441054,10940176,500878,4.4,11677743,11110499,567244,4.9,11944138,11043167,900971,7.5,12260100,11255444,1004656,8.2,12499595,11498869,1000726,8,12639465,11794975,844490,6.7,12832035,12022272,809763,6.3,13006202,12333076,673126,5.2,13090961,12503464,587497,4.5,13346836,12728898,617938,4.6,13473991,12888025,585966,4.3,13714126,13178793,535333,3.9,13927670,13434744,492926,3.5,13941490,12872070,1069420,7.7,14292315,13486624,805691,5.6,14672312,14093906,578406,3.9,15067153,14472524,594629,3.9,72279,100
49000,UT,Utah,161198,176606,85705,68828,32.7,35.9,17.4,14,140818,253495,170375,140102,20,36,24.2,19.9,133315,244132,320121,199753,14.9,27.2,35.7,22.3,147011,294426,443492,312963,12.3,24.6,37,26.1,147760,376840,582358,471185,9.362903108,23.87869794,36.90147217,29.85692678,134602,449786,679141,739555,6.719738164,22.45467489,33.90476885,36.9208181,3271616,3271614,3283982,3339284,3381236,3417734,12368,55302,41952,36498,11862,45703,46371,45965,4964,21993,23370,21169,6898,23710,23001,24796,120,2054,5462,10285,4636,29664,13803,1338,4756,31718,19265,11623,714,-126,-314,79,13.8,13.8,13.5,6.6,7,6.2,7.2,6.8,7.3,0.6,1.6,3,9,4.1,0.4,9.6,5.7,3.4,302676,9,85097,9.2,93030,91700,94360,1142860,1104750,38110,3.3,1162874,1112047,50827,4.4,1179433,1112581,66852,5.7,1197252,1130789,66463,5.6,1231740,1170046,61694,5,1280653,1228827,51826,4,1333278,1295285,37993,2.8,1377638,1342237,35401,2.6,1385646,1339394,46252,3.3,1373841,1274210,99631,7.3,1350173,1242907,107266,7.9,1341427,1246797,94630,7.1,1348557,1284149,64408,4.8,1385908,1327560,58348,4.2,1415779,1364353,51426,3.6,1453457,1401945,51512,3.5,1500137,1449981,50156,3.3,1554352,1505413,48939,3.1,1584494,1538295,46199,2.9,1619079,1577970,41109,2.5,1644201,1564747,79454,4.8,1683325,1636957,46368,2.8,1737741,1696513,41228,2.4,1790381,1743223,47158,2.6,88531,100
50000,VT,Vermont,99897,76675,29346,26725,42.9,33,12.6,11.5,85509,107297,46061,56184,29,36.4,15.6,19,68637,123430,78324,86854,19.2,34.6,21.9,24.3,54896,130804,99498,119025,13.6,32.4,24.6,29.4,37748,134734,111475,147624,8.746446206,31.21870518,25.82945032,34.20539829,25326,126179,114122,197369,5.470025659,27.25271925,24.64859308,42.62866202,643077,643077,642936,647093,647110,647464,-141,4157,17,354,1303,5153,5385,5072,1565,6447,7216,6876,-262,-1294,-1831,-1804,21,415,1009,1312,-66,4842,1126,844,-45,5257,2135,2156,166,194,-287,2,8,8.3,7.8,10,11.2,10.6,-2,-2.8,-2.8,0.6,1.6,2,7.5,1.7,1.3,8.2,3.3,3.3,61591,9.9,11515,10.2,80626,78364,82888,334055,324667,9388,2.8,338145,326980,11165,3.3,343261,330080,13181,3.8,346380,331239,15141,4.4,347352,334555,12797,3.7,349521,337407,12114,3.5,355394,342232,13162,3.7,353268,339367,13901,3.9,353986,337925,16061,4.5,359282,337018,22264,6.2,359692,336920,22772,6.3,357676,337779,19897,5.6,353947,336899,17048,4.8,350175,334684,15491,4.4,348697,334742,13955,4,346512,334262,12250,3.5,345851,335043,10808,3.1,355385,344698,10687,3,355343,346553,8790,2.5,353432,346059,7373,2.1,339758,320708,19050,5.6,336265,324166,12099,3.6,343550,335547,8003,2.3,350886,343840,7046,2,74555,100
51000,VA,Virginia,1277359,616942,250838,300943,52.2,25.2,10.3,12.3,1177007,889682,468124,598069,37.6,28.4,14.9,19.1,987203,1059199,955518,972894,24.8,26.6,24,24.5,864610,1212463,1214513,1374988,18.5,26,26,29.5,699056,1352347,1447591,1857577,13.05043842,25.24650565,27.02458345,34.67847248,516186,1423702,1547397,2471630,8.662415893,23.89196691,25.96776427,41.47785293,8631393,8631373,8637193,8657348,8679099,8715698,5820,20155,21751,36599,23580,94275,96018,95669,19723,83763,86329,79980,3857,10512,9689,15689,764,14296,37444,28117,-31,-5468,-24930,-6985,733,8828,12514,21132,1230,815,-452,-222,10.9,11.1,11,9.7,10,9.2,1.2,1.1,1.8,1.7,4.3,3.2,-0.6,-2.9,-0.8,1,1.4,2.4,867052,10.2,235215,12.7,89864,88915,90813,3606390,3524481,81909,2.3,3681107,3559669,121438,3.3,3739499,3576530,162969,4.4,3772549,3609335,163214,4.3,3814529,3658421,156108,4.1,3906549,3756587,149962,3.8,3976503,3844285,132218,3.3,4039414,3906626,132788,3.3,4128589,3952723,175866,4.3,4136186,3853351,282835,6.8,4163293,3858466,304827,7.3,4205184,3929008,276176,6.6,4217529,3967151,250378,5.9,4238377,4002057,236320,5.6,4258856,4040908,217948,5.1,4233981,4048081,185900,4.4,4254348,4084822,169526,4,4352977,4193290,159687,3.7,4359053,4228274,130779,3,4419378,4297265,122113,2.8,4332338,4053387,278951,6.4,4315045,4148175,166870,3.9,4427292,4304759,122533,2.8,4555208,4424155,131053,2.9,85838,100
53000,WA,Washington,666656,661800,265140,232292,36.5,36.2,14.5,12.7,546395,911171,519533,462318,22.4,37.4,21.3,19,505783,873150,1030488,716969,16.2,27.9,33,22.9,494336,953544,1318202,1061425,12.9,24.9,34.4,27.7,451404,1063518,1569438,1423109,10.01457803,23.59457159,34.81860885,31.57224154,421541,1176403,1714049,2097154,7.793114145,21.74840137,31.68797224,38.77051225,7705281,7705267,7724566,7741433,7784477,7812880,19299,16867,43044,28403,21105,82602,83874,82523,15173,64924,70848,67663,5932,17678,13026,14860,673,13996,37322,28919,11889,-15418,-4692,-15276,12562,-1422,32630,13643,805,611,-2612,-100,10.7,10.8,10.6,8.4,9.1,8.7,2.3,1.7,1.9,1.8,4.8,3.7,-2,-0.6,-2,-0.2,4.2,1.7,793263,10.3,196142,12.1,94553,93372,95734,3087680,2929824,157856,5.1,3085655,2900354,185301,6,3101001,2881326,219675,7.1,3136253,2910008,226245,7.2,3189389,2988316,201073,6.3,3259772,3077058,182714,5.6,3330058,3164354,165704,5,3401404,3244794,156610,4.6,3474043,3291664,182379,5.2,3463713,3176729,286984,8.3,3458451,3142109,316342,9.1,3437871,3144459,293412,8.5,3468738,3203294,265444,7.7,3460772,3230947,229825,6.6,3495153,3287904,207249,5.9,3554826,3361249,193577,5.4,3648558,3459527,189031,5.2,3727683,3554754,172929,4.6,3814538,3645992,168546,4.4,3960885,3794004,166881,4.2,3891363,3560168,331195,8.5,3869163,3667123,202040,5.2,3969967,3806848,163119,4.1,4025762,3860883,164879,4.1,91255,100
54000,WV,West Virginia,566026,267165,70605,65640,58.4,27.6,7.3,6.8,504854,408318,114382,119488,44,35.6,10,10.4,398527,429123,199598,144518,34,36.6,17,12.3,305814,486334,258473,182960,24.8,39.4,21,14.8,214586,528874,317396,231418,16.60530197,40.9258408,24.5610451,17.90781212,144554,501118,327989,295541,11.38936119,39.48291919,25.84214333,23.28557629,1793716,1793713,1791562,1785249,1774035,1770071,-2151,-6313,-11214,-3964,4296,17056,17100,17263,5871,27613,30006,25929,-1575,-10557,-12906,-8666,36,727,1792,1101,-813,2878,414,3595,-777,3605,2206,4696,201,639,-514,6,9.5,9.6,9.7,15.4,16.9,14.6,-5.9,-7.3,-4.9,0.4,1,0.6,1.6,0.2,2,2,1.2,2.7,281922,16.4,67559,19.6,55875,54849,56901,799081,754457,44624,5.6,796596,753657,42939,5.4,798709,747040,51669,6.5,791841,739896,51945,6.6,789527,743989,45538,5.8,794557,751202,43355,5.5,804910,763325,41585,5.2,804305,765517,38788,4.8,806254,768294,37960,4.7,811270,743870,67400,8.3,810101,739891,70210,8.7,806568,743346,63222,7.8,808022,749587,58435,7.2,799481,745849,53632,6.7,795733,743955,51778,6.5,791526,739455,52071,6.6,785104,737205,47899,6.1,784744,743786,40958,5.2,793415,752602,40813,5.1,794874,755523,39351,5,777139,713044,64095,8.2,773616,733825,39791,5.1,778705,748269,30436,3.9,785642,754986,30656,3.9,54097,100
55000,WI,Wisconsin,1060531,811048,230874,227343,45.5,34.8,9.9,9.8,822293,1093496,388523,401076,30.4,40.4,14.4,14.8,662072,1147697,735487,548970,21.4,37.1,23.8,17.7,518417,1201813,976375,779273,14.9,34.6,28.1,22.4,374135,1258948,1163995,1003213,9.844903982,33.12767364,30.62910182,26.39832055,269431,1207407,1259617,1333128,6.620604617,29.66905946,30.95199189,32.75834404,5893718,5893713,5896700,5879978,5890543,5910955,2987,-16722,10565,20412,15554,60034,60702,59839,14171,61983,63601,58692,1383,-1949,-2899,1147,215,3189,7906,13653,13,-19290,7392,5648,228,-16101,15298,19301,1376,1328,-1834,-36,10.2,10.3,10.1,10.5,10.8,9.9,-0.3,-0.5,0.2,0.5,1.3,2.3,-3.3,1.3,1,-2.7,2.6,3.3,614069,10.6,157510,12.8,74671,73907,75435,2985643,2884737,100906,3.4,3017681,2884305,133376,4.4,3016760,2856234,160526,5.3,3045298,2873956,171342,5.6,3034621,2883573,151048,5,3029662,2885671,143991,4.8,3066266,2923575,142691,4.7,3087598,2938876,148722,4.8,3098931,2945874,153057,4.9,3112494,2833292,279202,9,3082935,2820620,262315,8.5,3072157,2839987,232170,7.6,3070033,2857150,212883,6.9,3077801,2871988,205813,6.7,3077981,2913764,164217,5.3,3084207,2947048,137159,4.4,3110466,2988744,121722,3.9,3141757,3039348,102409,3.3,3123898,3030659,93239,3,3117744,3017904,99840,3.2,3100674,2900956,199718,6.4,3106511,2986636,119875,3.9,3094981,3004778,90203,2.9,3133909,3038960,94949,3,71050,100
56000,WY,Wyoming,65252,63630,26074,20693,37.1,36.2,14.8,11.8,56353,102042,52987,43767,22.1,40,20.8,17.2,47113,92081,86380,52195,17,33.2,31.1,18.8,38317,97779,110405,69162,12.1,31,35,21.9,29387,113353,138325,90031,7.918975144,30.54546532,37.27472137,24.26083817,23502,109885,143781,118336,5.942291355,27.78353696,36.35386747,29.92030422,576851,576850,577664,579548,581629,584057,814,1884,2081,2428,1584,6164,6046,5882,1290,6176,6754,5779,294,-12,-708,103,18,134,364,322,436,1764,2475,2016,454,1898,2839,2338,66,-2,-50,-13,10.7,10.4,10.1,10.7,11.6,9.9,0,-1.2,0.2,0.2,0.6,0.6,3,4.3,3.5,3.3,4.9,4,59458,10.4,15355,12,73558,71435,75681,265701,255726,9975,3.8,268393,258172,10221,3.8,269405,258571,10834,4,272804,260995,11809,4.3,274736,264187,10549,3.8,279083,269172,9911,3.6,284826,276310,8516,3,290748,283072,7676,2.6,296620,287909,8711,2.9,299893,281123,18770,6.3,301893,280953,20940,6.9,302932,284273,18659,6.2,303748,287110,16638,5.5,302201,287792,14409,4.8,302865,289694,13171,4.3,301608,288894,12714,4.2,300546,284439,16107,5.4,293802,281164,12638,4.3,292629,280754,11875,4.1,293997,283071,10926,3.7,293606,276367,17239,5.9,288769,275633,13136,4.5,292664,282615,10049,3.4,295207,286669,8538,2.9,71275,100
72000,PR,Puerto Rico,,,,,,,,,954011,332770,142981,147920,60.5,21.1,9.1,9.4,982008,410559,281248,278482,50.3,21,14.4,14.3,916404,509856,443813,418253,40,22.3,19.4,18.3,739786,627608,524750,548830,30.3070004,25.71137587,21.49756614,22.48405759,472462,670172,566777,702653,19.58745705,27.78417156,23.49759376,29.13077762,3285874,3285874,3281557,3262693,3220113,3205691,,,,,,,,,,,,,,,,,,,,,,,,,,,,,,,,,,,,,,,,,,,,,,,,,,,,,,,,,,1291993,1161033,130960,10.1,1273405,1128704,144701,11.4,1321370,1159455,161915,12.3,1345782,1184589,161193,12,1347047,1204535,142512,10.6,1378062,1221818,156244,11.3,1419874,1270693,149181,10.5,1387359,1232266,155093,11.2,1345923,1187398,158525,11.8,1301263,1101862,199401,15.3,1268664,1061047,207617,16.4,1220238,1025558,194680,16,1194283,1021387,172896,14.5,1166320,999531,166789,14.3,1132093,974865,157228,13.9,1120014,985873,134141,12,1116292,984879,131413,11.8,1096541,977599,118942,10.8,1081692,982167,99525,9.2,1090852,1000363,90489,8.3,,,,,1171949,1079112,92837,7.9,1187414,1115938,71476,6,1197463,1127126,70337,5.9,,
